,wikidata_id,individual_name,region_code,region_name,birthyear,meta_occupation,meta_region,region
2197,Q1237726,Dominicus Gundissalinus,re_arabic_world,Arabic world,1115.0,linguist | philosopher,non_europe,re_arabic_world
2198,Q7413013,Samuel ibn Seneh Zarza,re_arabic_world,Arabic world,1360.0,philosopher,non_europe,re_arabic_world
2199,Q87474494,Mustafa ibn Fathallah al-Hamawi,re_arabic_world,Arabic world,1634.0,historian,non_europe,re_arabic_world
2200,Q766920,Auguste Pomel,re_arabic_world,Arabic world,1821.0,botanist | paleontologist | geologist,non_europe,re_arabic_world
2201,Q4664590,Abd al-Rahman al-Tamanarti,re_arabic_world,Arabic world,1585.0,historian,non_europe,re_arabic_world
2202,Q3143443,Husayn al-Jisr,re_arabic_world,Arabic world,1845.0,theologian,non_europe,re_arabic_world
2203,Q12223589,Abdullah ibn Muhammad ibn Abd al-Wahhab,re_arabic_world,Arabic world,1751.0,theologian,non_europe,re_arabic_world
2204,Q3130584,Henri Aucapitaine,re_arabic_world,Arabic world,1832.0,botanist,non_europe,re_arabic_world
2205,Q55740041,Ernest Godard,re_arabic_world,Arabic world,1826.0,anthropologist,non_europe,re_arabic_world
2206,Q18783417,Joseph Arnaud Charles Gaillardot,re_arabic_world,Arabic world,1814.0,botanist,non_europe,re_arabic_world
2207,Q67657447,Hamzah ibn ʻAbd Allah Nashiri,re_arabic_world,Arabic world,1430.0,botanist | historian,non_europe,re_arabic_world
2208,Q21511148,Gaetano Leone Durando,re_arabic_world,Arabic world,1811.0,botanist,non_europe,re_arabic_world
2209,Q3194675,Sheikh Mustafa,re_arabic_world,Arabic world,1836.0,theologian,non_europe,re_arabic_world
2210,Q1361405,Gustave Revilliod,re_arabic_world,Arabic world,1817.0,archeologist,non_europe,re_arabic_world
2211,Q202308,Evliya Çelebi,re_arabic_world,Arabic world,1611.0,historian,non_europe,re_arabic_world
2212,Q982845,Moshe Chaim Luzzatto,re_arabic_world,Arabic world,1707.0,philosopher,non_europe,re_arabic_world
2213,Q12252068,Yusuf al-Maghribi,re_arabic_world,Arabic world,1550.0,linguist,non_europe,re_arabic_world
2214,Q2745413,Al-Hadi ila'l-Haqq Yahya,re_arabic_world,Arabic world,859.0,theologian,non_europe,re_arabic_world
2215,Q6533520,ʻAbd al-Raḥmān ibn ʻAlī Ibn al-Daybaʻ,re_arabic_world,Arabic world,1461.0,historian,non_europe,re_arabic_world
2216,Q84301113,Ahmad ibn Amin Abd al-Shakur,re_arabic_world,Arabic world,1839.0,historian,non_europe,re_arabic_world
2217,Q12216082,Saʻīd al-Khūrī Shartūnī,re_arabic_world,Arabic world,1847.0,linguist,non_europe,re_arabic_world
2218,Q3594807,Muhammad al-Munawi,re_arabic_world,Arabic world,1545.0,historian,non_europe,re_arabic_world
2219,Q12223343,Abdullah al-Hakim,re_arabic_world,Arabic world,1801.0,chemist,non_europe,re_arabic_world
2220,Q68167891,Badr al-Din al-Husayn ibn al-Siddiq Ahdal,re_arabic_world,Arabic world,1402.0,historian,non_europe,re_arabic_world
2221,Q56627881,Hassan Qaftan,re_arabic_world,Arabic world,1764.0,linguist,non_europe,re_arabic_world
2222,Q7636049,Sulayman al-Hawwat,re_arabic_world,Arabic world,1747.0,historian,non_europe,re_arabic_world
2223,Q12239550,Muḥammad Amīn ibn Khayr Allāh ʻUmarī,re_arabic_world,Arabic world,1738.0,historian,non_europe,re_arabic_world
2224,Q27684,Peter Forsskål,re_arabic_world,Arabic world,1732.0,botanist | zoologist | philosopher,non_europe,re_arabic_world
2225,Q12230387,Fakhr al-Dīn Ṭurayḥī,re_arabic_world,Arabic world,1571.0,linguist,non_europe,re_arabic_world
2226,Q6813266,Abd as-Salam al-Qadiri,re_arabic_world,Arabic world,1648.0,linguist | historian,non_europe,re_arabic_world
2227,Q435699,Henry Thomas Buckle,re_arabic_world,Arabic world,1821.0,philosopher | historian | sociologist,non_europe,re_arabic_world
2228,Q377018,Mírzá Abu'l-Fadl,re_arabic_world,Arabic world,1844.0,theologian,non_europe,re_arabic_world
2229,Q3431539,Karl Fredrik Eneberg,re_arabic_world,Arabic world,1841.0,archeologist,non_europe,re_arabic_world
2230,Q3460419,Saadia Azankot,re_arabic_world,Arabic world,1629.0,linguist,non_europe,re_arabic_world
2231,Q105747917,Théodore-Napoléon Benard,re_arabic_world,Arabic world,1808.0,economist,non_europe,re_arabic_world
2232,Q105338234,Madyan Qusuni,re_arabic_world,Arabic world,1562.0,historian,non_europe,re_arabic_world
2233,Q12240239,Muhammad al-Muhibbi,re_arabic_world,Arabic world,1651.0,historian,non_europe,re_arabic_world
2234,Q3492890,Onofrio Abbate,re_arabic_world,Arabic world,1824.0,botanist,non_europe,re_arabic_world
2235,Q12222746,Abdul Rahman bin Hassan Al-Sheikh,re_arabic_world,Arabic world,1779.0,theologian,non_europe,re_arabic_world
2236,Q3261693,Louis Demaeght,re_arabic_world,Arabic world,1831.0,archeologist,non_europe,re_arabic_world
2237,Q3622231,Müneccimbaşı Ahmed Dede,re_arabic_world,Arabic world,1631.0,astronomer | historian,non_europe,re_arabic_world
2238,Q365797,Ahmed al-Tijani,re_arabic_world,Arabic world,1737.0,theologian,non_europe,re_arabic_world
2239,Q56885388,Mohammad al-Qazzaz,re_arabic_world,Arabic world,1824.0,historian,non_europe,re_arabic_world
2240,Q105277177,Aḥmad Ibn-ʿAlī al-Manīnī,re_arabic_world,Arabic world,1678.0,historian,non_europe,re_arabic_world
2241,Q5940505,José Ignacio Eyzaguirre Portales,re_arabic_world,Arabic world,1817.0,historian,non_europe,re_arabic_world
2242,Q39691,Johann Ludwig Burckhardt,re_arabic_world,Arabic world,1784.0,geologist | archeologist,non_europe,re_arabic_world
2243,Q16123878,Al-Ashraf Umar II,re_arabic_world,Arabic world,1242.0,astronomer,non_europe,re_arabic_world
2244,Q111417451,Mohamed Tekrour Sbaii,re_arabic_world,Arabic world,1829.0,linguist | historian,non_europe,re_arabic_world
2245,Q4116828,Abd al-Qadir al-Fasi,re_arabic_world,Arabic world,1599.0,theologian,non_europe,re_arabic_world
2246,Q110905270,Sidi Amar Cherif,re_arabic_world,Arabic world,1700.0,theologian,non_europe,re_arabic_world
2247,Q20109578,Mustapha El Kebabti,re_arabic_world,Arabic world,1775.0,theologian,non_europe,re_arabic_world
2248,Q2739787,Si Mohand,re_arabic_world,Arabic world,1848.0,philosopher,non_europe,re_arabic_world
2249,Q6813742,Abd al-Latif Al ash-Sheikh,re_arabic_world,Arabic world,1810.0,theologian,non_europe,re_arabic_world
2250,Q1486113,Ibn Budayr,re_arabic_world,Arabic world,1701.0,historian,non_europe,re_arabic_world
2251,Q6893482,Mohammed ibn Idris al-Amrawi,re_arabic_world,Arabic world,1794.0,astronomer,non_europe,re_arabic_world
2252,Q1399375,Ibrahim al-Yaziji,re_arabic_world,Arabic world,1847.0,philosopher,non_europe,re_arabic_world
2253,Q110166188,Ismāʿīl ibn Saʿd Khashshāb,re_arabic_world,Arabic world,1700.0,historian,non_europe,re_arabic_world
2254,Q15429544,Henry John Pearson,re_arabic_world,Arabic world,1850.0,zoologist,non_europe,re_arabic_world
2255,Q1788940,Krikor Bedros VI. Jeranian,re_arabic_world,Arabic world,1800.0,theologian,non_europe,re_arabic_world
2256,Q12224363,ʿUṯmān Ibn-Sanad al-Baṣrī,re_arabic_world,Arabic world,1767.0,theologian | historian,non_europe,re_arabic_world
2257,Q3384927,Pierre Eustache Leduc,re_arabic_world,Arabic world,1750.0,geographer,non_europe,re_arabic_world
2258,Q3437215,Clément Rodier,re_arabic_world,Arabic world,1839.0,botanist,non_europe,re_arabic_world
2259,Q311826,Muhammad Abduh,re_arabic_world,Arabic world,1849.0,theologian | philosopher,non_europe,re_arabic_world
2260,Q981929,Rifa'ah Rafi' al-Tahtawi,re_arabic_world,Arabic world,1801.0,historian | archeologist | philosopher | economist,non_europe,re_arabic_world
2261,Q16654725,Ibrahim ibn Muhammad ibn Abd al-Wahhab,re_arabic_world,Arabic world,1650.0,theologian,non_europe,re_arabic_world
2262,Q2626402,Peter Lesgaft,re_arabic_world,Arabic world,1837.0,anatomist,non_europe,re_arabic_world
2263,Q329235,Ezequiel Uricoechea,re_arabic_world,Arabic world,1834.0,historian | chemist,non_europe,re_arabic_world
2264,Q3056901,Ernest Coquebert de Montbret,re_arabic_world,Arabic world,1780.0,botanist,non_europe,re_arabic_world
2265,Q710866,Butrus al-Bustani,re_arabic_world,Arabic world,1819.0,linguist,non_europe,re_arabic_world
2266,Q22212608,Justin Pouyanne,re_arabic_world,Arabic world,1835.0,geographer,non_europe,re_arabic_world
2267,Q75326,Ernst Johann Schmitz,re_arabic_world,Arabic world,1845.0,zoologist,non_europe,re_arabic_world
2268,Q12216698,Suleiman ibn Abdullah Aal Al-Sheikh,re_arabic_world,Arabic world,1785.0,theologian,non_europe,re_arabic_world
2269,Q311850,Auguste Mariette,re_arabic_world,Arabic world,1821.0,archeologist | historian,non_europe,re_arabic_world
2270,Q439374,Wahb ibn Munabbih,re_arabic_world,Arabic world,655.0,historian,non_europe,re_arabic_world
2271,Q2821427,Abdul Wahid Ibn Ashir,re_arabic_world,Arabic world,1582.0,theologian,non_europe,re_arabic_world
2272,Q6849630,Mikhail Mishaqa,re_arabic_world,Arabic world,1800.0,musicologist | historian,non_europe,re_arabic_world
2273,Q6893433,Mohammed al-Mahdi al-Fasi,re_arabic_world,Arabic world,1624.0,historian,non_europe,re_arabic_world
2274,Q19715067,Ibn Abi-r-Rijal,re_arabic_world,Arabic world,1620.0,theologian,non_europe,re_arabic_world
2275,Q12243367,Mustafa al-Waez,re_arabic_world,Arabic world,1847.0,historian,non_europe,re_arabic_world
2276,Q293551,Ahmed Mohammed al-Maqqari,re_arabic_world,Arabic world,1578.0,historian,non_europe,re_arabic_world
2277,Q3503419,Sulaiman Al Mahri,re_arabic_world,Arabic world,1480.0,geographer,non_europe,re_arabic_world
2278,Q5791819,Cristobal Lechuga,re_arabic_world,Arabic world,1557.0,mathematician,non_europe,re_arabic_world
2279,Q12231971,Qasim Alkawaas,re_arabic_world,Arabic world,1829.0,chemist,non_europe,re_arabic_world
2280,Q6003346,Zaynab Fawwaz,re_arabic_world,Arabic world,1844.0,historian,non_europe,re_arabic_world
2281,Q10862658,William Burgess Pryer,re_arabic_world,Arabic world,1843.0,zoologist,non_europe,re_arabic_world
2282,Q3158159,Jacques Auguste Dulion,re_arabic_world,Arabic world,1776.0,geographer,non_europe,re_arabic_world
2283,Q12181550,Ibrahim al-Bajuri,re_arabic_world,Arabic world,1784.0,theologian,non_europe,re_arabic_world
2284,Q71244972,Muhammad al-Amin al-Suhrawardi,re_arabic_world,Arabic world,1836.0,historian,non_europe,re_arabic_world
2285,Q6893424,Mohammed al-Duayf,re_arabic_world,Arabic world,1752.0,historian,non_europe,re_arabic_world
2286,Q2654973,George Edward Post,re_arabic_world,Arabic world,1838.0,botanist,non_europe,re_arabic_world
2287,Q6534150,Ibn al-Imad al-Hanbali,re_arabic_world,Arabic world,1623.0,historian,non_europe,re_arabic_world
2288,Q12228035,Ali ibn Muhammad ibn Abd al-Wahhab,re_arabic_world,Arabic world,1800.0,theologian,non_europe,re_arabic_world
2289,Q4695346,Ahmad Ibn al-Qadi,re_arabic_world,Arabic world,1552.0,historian | mathematician,non_europe,re_arabic_world
2290,Q2829349,Rahmatullah Kairanawi,re_arabic_world,Arabic world,1817.0,philosopher,non_europe,re_arabic_world
2291,Q4664587,Abd al-Rahman al-Fasi,re_arabic_world,Arabic world,1631.0,astronomer | historian,non_europe,re_arabic_world
2292,Q3826399,Mohammed al-Qadiri,re_arabic_world,Arabic world,1712.0,historian,non_europe,re_arabic_world
2293,Q4664538,Abd Allah ibn Abd al-Latif Al ash-Sheikh,re_arabic_world,Arabic world,1848.0,theologian,non_europe,re_arabic_world
2294,Q28936372,Sharaf al-Din Ansari,re_arabic_world,Arabic world,1620.0,historian,non_europe,re_arabic_world
2295,Q1963394,Najm al-Din al-Gazzi,re_arabic_world,Arabic world,1570.0,historian,non_europe,re_arabic_world
2296,Q5024438,Calvin Kingsley,re_arabic_world,Arabic world,1812.0,theologian | mathematician,non_europe,re_arabic_world
2297,Q5499269,Frederik Christian von Haven,re_arabic_world,Arabic world,1728.0,theologian,non_europe,re_arabic_world
2298,Q970628,Abū Muhammad al-Hasan al-Hamdānī,re_arabic_world,Arabic world,893.0,geographer | astronomer | physicist | chemist,non_europe,re_arabic_world
2299,Q6893491,Mohammed ibn Qasim ibn Zakur,re_arabic_world,Arabic world,1664.0,historian,non_europe,re_arabic_world
2300,Q6854381,Mahmud Ahmad Hamdi al-Falaki,re_arabic_world,Arabic world,1815.0,astronomer,non_europe,re_arabic_world
2301,Q108602873,Ahmad ibn Mustafa al-Maktabi,re_arabic_world,Arabic world,1847.0,linguist,non_europe,re_arabic_world
2302,Q4112243,Anton Wiest,re_arabic_world,Arabic world,1801.0,botanist,non_europe,re_arabic_world
2303,Q1504016,Georg David Hardegg,re_arabic_world,Arabic world,1812.0,theologian,non_europe,re_arabic_world
2304,Q5576315,Godefroy Zumoffen,re_arabic_world,Arabic world,1848.0,geologist | anthropologist | archeologist,non_europe,re_arabic_world
2305,Q30960644,Husein Ryfky Tamani,re_arabic_world,Arabic world,1750.0,mathematician,non_europe,re_arabic_world
2306,Q1699205,John Beasley Greene,re_arabic_world,Arabic world,1832.0,archeologist,non_europe,re_arabic_world
2307,Q12178566,Ahmad Damanhuri,re_arabic_world,Arabic world,1689.0,linguist | chemist,non_europe,re_arabic_world
2308,Q3818171,Abu al-Qasim al-Zayyani,re_arabic_world,Arabic world,1734.0,geographer | historian,non_europe,re_arabic_world
2309,Q15453321,Albert Ribaucour,re_arabic_world,Arabic world,1845.0,mathematician,non_europe,re_arabic_world
2310,Q4325822,Muhammad ash-Shawkani,re_arabic_world,Arabic world,1760.0,theologian,non_europe,re_arabic_world
2311,Q12240201,Ibn Othman Al Maknassi,re_arabic_world,Arabic world,1800.0,historian,non_europe,re_arabic_world
2312,Q3340184,Nicolas Champy,re_arabic_world,Arabic world,1776.0,chemist,non_europe,re_arabic_world
2313,Q16715028,Hassan ibn Muhammad ibn Abd al-Wahhab,re_arabic_world,Arabic world,1800.0,theologian,non_europe,re_arabic_world
2314,Q658401,Abd al-Rahman al-Jabarti,re_arabic_world,Arabic world,1756.0,theologian | historian,non_europe,re_arabic_world
2315,Q1009506,George Smith,re_arabic_world,Arabic world,1840.0,archeologist | anthropologist,non_europe,re_arabic_world
2316,Q6893439,Mohammed al-Rudani,re_arabic_world,Arabic world,1628.0,astronomer,non_europe,re_arabic_world
2317,Q6062011,Ioannis Dimitriou,re_arabic_world,Arabic world,1826.0,archeologist | anthropologist,non_europe,re_arabic_world
2318,Q58977026,Al-ʿIsāmī,re_arabic_world,Arabic world,1639.0,historian,non_europe,re_arabic_world
2319,Q12240775,Mohammed Uthman al-Mirghani al-Khatim,re_arabic_world,Arabic world,1793.0,theologian,non_europe,re_arabic_world
2320,Q12240855,Mohammed Illish,re_arabic_world,Arabic world,1802.0,theologian,non_europe,re_arabic_world
2321,Q12208114,Hussein al-Bashadri,re_arabic_world,Arabic world,1813.0,linguist,non_europe,re_arabic_world
2322,Q59258107,Mufti Ghulam Sarwar Lahori,re_arabic_world,Arabic world,1837.0,historian,non_europe,re_arabic_world
2323,Q2485397,Raghib Pasha,re_arabic_world,Arabic world,1819.0,economist,non_europe,re_arabic_world
2324,Q2010955,Mulla Sadra,re_arabic_world,Arabic world,1571.0,philosopher,non_europe,re_arabic_world
2325,Q3108470,Mohammed al-Ifrani,re_arabic_world,Arabic world,1670.0,historian,non_europe,re_arabic_world
2326,Q526842,Anthony Charles Harris,re_arabic_world,Arabic world,1790.0,archeologist | historian,non_europe,re_arabic_world
2327,Q4166497,Ibn Abidin,re_arabic_world,Arabic world,1783.0,theologian,non_europe,re_arabic_world
2328,Q5171463,Cornelius Van Alen Van Dyck,re_arabic_world,Arabic world,1818.0,linguist,non_europe,re_arabic_world
2329,Q4116363,Mohammed Kazem Yazdi,re_arabic_world,Arabic world,1831.0,theologian,non_europe,re_arabic_world
2330,Q6491480,Nicolas Bové,re_arabic_world,Arabic world,1802.0,botanist,non_europe,re_arabic_world
2331,Q6696946,"Lucie, Lady Duff-Gordon",re_arabic_world,Arabic world,1821.0,linguist,non_europe,re_arabic_world
2332,Q3489805,Somers Clarke,re_arabic_world,Arabic world,1841.0,historian | anthropologist,non_europe,re_arabic_world
2333,Q5944459,Moḥammad Mahdī Baḥr al-ʿUlūm,re_arabic_world,Arabic world,1742.0,theologian,non_europe,re_arabic_world
2334,Q12239694,Muhammad al-Kharashi,re_arabic_world,Arabic world,1601.0,theologian,non_europe,re_arabic_world
2335,Q108806556,Hananiah Al-Munnir,re_arabic_world,Arabic world,1757.0,historian,non_europe,re_arabic_world
2336,Q21099034,Ibn Balban al-Hanbali,re_arabic_world,Arabic world,1597.0,theologian,non_europe,re_arabic_world
2337,Q4890164,Benoît Jules Mure,re_arabic_world,Arabic world,1809.0,botanist,non_europe,re_arabic_world
2338,Q41600195,Elias Saleh,re_arabic_world,Arabic world,1839.0,historian,non_europe,re_arabic_world
2339,Q12198098,ʻAlī Ḥasan ʻAlī ʻAbd al-Ḥamīd,re_arabic_world,Arabic world,1567.0,historian,non_europe,re_arabic_world
2340,Q1466028,Yacoub Artin,re_arabic_world,Arabic world,1842.0,historian,non_europe,re_arabic_world
2341,Q30127838,Jean Ernest Mercier,re_arabic_world,Arabic world,1840.0,historian,non_europe,re_arabic_world
2342,Q107329671,Ibrahim al-Fatta,re_arabic_world,Arabic world,1790.0,linguist,non_europe,re_arabic_world
2343,Q464670,Mastoureh Ardalan,re_arabic_world,Arabic world,1805.0,historian,non_europe,re_arabic_world
2344,Q936019,Sayyid Kazim Rashti,re_arabic_world,Arabic world,1793.0,theologian,non_europe,re_arabic_world
2345,Q1673452,Isaac Uziel,re_arabic_world,Arabic world,1600.0,linguist,non_europe,re_arabic_world
2346,Q2848191,André Louis de Saint-Simon,re_arabic_world,Arabic world,1771.0,economist,non_europe,re_arabic_world
2347,Q6400779,Mohammad Mahdi Naraqi,re_arabic_world,Arabic world,1716.0,mathematician,non_europe,re_arabic_world
2348,Q29360046,Ibn Kinan,re_arabic_world,Arabic world,1663.0,historian,non_europe,re_arabic_world
2349,Q2827465,Ahmad ibn Khalid al-Nasiri,re_arabic_world,Arabic world,1835.0,historian,non_europe,re_arabic_world
2350,Q56506397,Ali ibn Muhammad ibn al-Walid,re_arabic_world,Arabic world,1128.0,philosopher,non_europe,re_arabic_world
2351,Q426371,Ḥasan Ibn-Muḥammad al-Būrīnī,re_arabic_world,Arabic world,1556.0,historian,non_europe,re_arabic_world
2352,Q6893500,Mohammed ibn al-Tayyib,re_arabic_world,Arabic world,1698.0,musicologist | linguist,non_europe,re_arabic_world
2353,Q733780,Henry Salt,re_arabic_world,Arabic world,1780.0,botanist | historian | archeologist,non_europe,re_arabic_world
2354,Q94931352,Samuel Kullen,re_arabic_world,Arabic world,1827.0,theologian,non_europe,re_arabic_world
2355,Q6084800,Ismail Mustafa al-Falaki,re_arabic_world,Arabic world,1825.0,archeologist | astronomer | mathematician,non_europe,re_arabic_world
2356,Q94025057,Muhammad Ibn Muhammad Al-Fulani Al-Kishwani,re_arabic_world,Arabic world,1699.0,astronomer | mathematician,non_europe,re_arabic_world
2357,Q354842,Muhammad al-Arabi al-Darqawi,re_arabic_world,Arabic world,1760.0,philosopher,non_europe,re_arabic_world
2358,Q4115262,Fairuzabadi,re_arabic_world,Arabic world,1329.0,linguist,non_europe,re_arabic_world
2359,Q1995066,Abbasgulu Bakikhanov,re_arabic_world,Arabic world,1794.0,philosopher | historian,non_europe,re_arabic_world
2360,Q106833560,As'ad al-Shaddudi,re_arabic_world,Arabic world,1826.0,linguist | mathematician,non_europe,re_arabic_world
2361,Q76858,Theodor Bilharz,re_arabic_world,Arabic world,1825.0,anatomist,non_europe,re_arabic_world
2362,Q890572,Boghos Bedros XI. Emanuelian,re_arabic_world,Arabic world,1829.0,philosopher,non_europe,re_arabic_world
2363,Q15407180,Marie Adèle Pierre Jules Tissot,re_arabic_world,Arabic world,1838.0,geologist,non_europe,re_arabic_world
2364,Q1454805,Thimi Mitko,re_arabic_world,Arabic world,1820.0,historian,non_europe,re_arabic_world
2365,Q1280525,Vaso Pasha,re_arabic_world,Arabic world,1825.0,historian,non_europe,re_arabic_world
2366,Q6892887,Mohammed Akensus,re_arabic_world,Arabic world,1797.0,historian,non_europe,re_arabic_world
2367,Q41595924,Elias al-Qudsi,re_arabic_world,Arabic world,1850.0,linguist,non_europe,re_arabic_world
2368,Q61994814,Daniel Pidgeon,re_arabic_world,Arabic world,1833.0,geologist,non_europe,re_arabic_world
2369,Q42279499,Abdullah ibn Husayn al-Suwaydi,re_arabic_world,Arabic world,1692.0,linguist,non_europe,re_arabic_world
2370,Q107113171,Yusuf Bakhus,re_arabic_world,Arabic world,1845.0,linguist,non_europe,re_arabic_world
2371,Q10324829,Maqqari,re_arabic_world,Arabic world,1591.0,historian,non_europe,re_arabic_world
2372,Q456820,Thomas Hodgkin,re_arabic_world,Arabic world,1798.0,anatomist,non_europe,re_arabic_world
2373,Q6532754,Ibn Abi Al-Soroor al-Bakri,re_arabic_world,Arabic world,1588.0,historian,non_europe,re_arabic_world
2374,Q3646767,Mustafa Âlî,re_arabic_world,Arabic world,1541.0,historian,non_europe,re_arabic_world
2375,Q108604695,Muhammad Hamid al-Saqqaf,re_arabic_world,Arabic world,1849.0,astronomer,non_europe,re_arabic_world
2376,Q12222908,Abd as-Salam al-Alami,re_arabic_world,Arabic world,1834.0,astronomer,non_europe,re_arabic_world
2377,Q12178686,Aḥmad ibn Ḥusayn Nāʼib al-Anṣārī,re_arabic_world,Arabic world,1840.0,historian,non_europe,re_arabic_world
2378,Q3785847,Hisham ibn Urwah,re_arabic_world,Arabic world,680.0,theologian,non_europe,re_arabic_world
2379,Q51884,John of Damascus,re_arabic_world,Arabic world,675.0,theologian | astronomer | philosopher,non_europe,re_arabic_world
2380,Q958986,Ishtori Haparchi,re_arabic_world,Arabic world,1280.0,geographer,non_europe,re_arabic_world
2381,Q2857127,Antonin Kapoustine,re_arabic_world,Arabic world,1817.0,archeologist | linguist,non_europe,re_arabic_world
2382,Q2804843,'Abdu Llâh Ibn Muhammad Al Ma'âfirî,re_arabic_world,Arabic world,1050.0,theologian,non_europe,re_arabic_world
2383,Q337029,Abu al-Aswad al-Du'ali,re_arabic_world,Arabic world,603.0,linguist,non_europe,re_arabic_world
2384,Q2916804,Mujir al-Din,re_arabic_world,Arabic world,1456.0,historian,non_europe,re_arabic_world
2385,Q2899164,Nissim Behar,re_arabic_world,Arabic world,1848.0,linguist,non_europe,re_arabic_world
2386,Q4267,Adémar de Chabannes,re_arabic_world,Arabic world,988.0,historian,non_europe,re_arabic_world
2387,Q111301,Johannes Roth,re_arabic_world,Arabic world,1815.0,botanist | zoologist,non_europe,re_arabic_world
2388,Q115917,Carl Adolf Otth,re_arabic_world,Arabic world,1803.0,botanist | zoologist,non_europe,re_arabic_world
2389,Q96523,Conrad Schick,re_arabic_world,Arabic world,1822.0,archeologist | anthropologist,non_europe,re_arabic_world
2390,Q4165518,Khalid ibn Yazid,re_arabic_world,Arabic world,655.0,chemist,non_europe,re_arabic_world
2391,Q1458532,Friedrich Braun,re_arabic_world,Arabic world,1850.0,theologian,non_europe,re_arabic_world
2392,Q12218718,Shuraih Al-Qadhi,re_arabic_world,Arabic world,593.0,historian,non_europe,re_arabic_world
2393,Q12183510,Sulaimān Ibn-Mihrān Al-A’mash,re_arabic_world,Arabic world,680.0,theologian,non_europe,re_arabic_world
2394,Q7023320,Yaakov Yitzhaki,re_arabic_world,Arabic world,1846.0,historian,non_europe,re_arabic_world
2395,Q112128,Husayn ibn Ali,re_arabic_world,Arabic world,626.0,theologian,non_europe,re_arabic_world
2396,Q18575962,Charles Drake,re_arabic_world,Arabic world,1846.0,zoologist,non_europe,re_arabic_world
2397,Q7062531,Joseph Schwarz,re_arabic_world,Arabic world,1804.0,geographer,non_europe,re_arabic_world
2398,Q214465,Christoph Hoffmann,re_arabic_world,Arabic world,1815.0,theologian,non_europe,re_arabic_world
2399,Q6957308,Ibrahim al-Nakhai,re_arabic_world,Arabic world,670.0,theologian,non_europe,re_arabic_world
2400,Q56250455,Ahmad Ibn-Muhammad Ibn-al-Haʾim,re_arabic_world,Arabic world,1352.0,mathematician,non_europe,re_arabic_world
2401,Q2275364,Severus Sebokht,re_arabic_world,Arabic world,575.0,astronomer | philosopher,non_europe,re_arabic_world
2402,Q4116087,Ka'ab al-Ahbar,re_arabic_world,Arabic world,600.0,theologian,non_europe,re_arabic_world
2403,Q4670027,Abu 'Amr ibn al-'Ala',re_arabic_world,Arabic world,689.0,linguist,non_europe,re_arabic_world
2404,Q20507225,Mesrop Smbatyants,re_arabic_world,Arabic world,1833.0,historian,non_europe,re_arabic_world
2405,Q8776305,Enrique de Vedia,re_arabic_world,Arabic world,1802.0,historian,non_europe,re_arabic_world
2406,Q12222362,Amir al-Sha'bi,re_arabic_world,Arabic world,641.0,historian,non_europe,re_arabic_world
2407,Q1567837,Ibn Abi Ishaq,re_arabic_world,Arabic world,650.0,linguist,non_europe,re_arabic_world
2408,Q1881341,Sinan ibn Thabit,re_arabic_world,Arabic world,880.0,astronomer | mathematician,non_europe,re_arabic_world
2409,Q11944385,Radegunda de Treviño,re_arabic_world,Arabic world,1119.0,philosopher,non_europe,re_arabic_world
2410,Q1655912,Aḥmad Ibn-ʿAlī Ibn-Zunbul,re_arabic_world,Arabic world,1500.0,historian,non_europe,re_arabic_world
2411,Q12202948,Taqi al-Din al-Subki,re_arabic_world,Arabic world,1284.0,theologian,non_europe,re_arabic_world
2412,Q423210,Banū Mūsā,re_arabic_world,Arabic world,900.0,astronomer | mathematician,non_europe,re_arabic_world
2413,Q12182782,Ibn Muti al-Zawawi,re_arabic_world,Arabic world,1168.0,linguist,non_europe,re_arabic_world
2414,Q503130,Hunayn ibn Ishaq,re_arabic_world,Arabic world,808.0,philosopher,non_europe,re_arabic_world
2415,Q11917497,Al-Ja'd ibn Dirham,re_arabic_world,Arabic world,700.0,theologian | philosopher,non_europe,re_arabic_world
2416,Q12227970,Ibn Yunus Nabati,re_arabic_world,Arabic world,1389.0,philosopher,non_europe,re_arabic_world
2417,Q335966,Jonah ibn Janah,re_arabic_world,Arabic world,990.0,linguist,non_europe,re_arabic_world
2418,Q335145,Ibn al-Baitar,re_arabic_world,Arabic world,1197.0,botanist | pharmacologist,non_europe,re_arabic_world
2419,Q12198436,Bischr ibn al-Muʿtamir,re_arabic_world,Arabic world,800.0,theologian,non_europe,re_arabic_world
2420,Q4703386,Al-Zuhri,re_arabic_world,Arabic world,1130.0,geographer,non_europe,re_arabic_world
2421,Q21208389,Ibn al-A'lam,re_arabic_world,Arabic world,901.0,astronomer,non_europe,re_arabic_world
2422,Q510650,Hilal al-Sabi',re_arabic_world,Arabic world,969.0,historian,non_europe,re_arabic_world
2423,Q19288802,Ibn al-Samh,re_arabic_world,Arabic world,979.0,astronomer | mathematician,non_europe,re_arabic_world
2424,Q5984319,Ibn al-Wardi,re_arabic_world,Arabic world,1290.0,botanist | zoologist | historian | geographer,non_europe,re_arabic_world
2425,Q508501,Ibn Idhari,re_arabic_world,Arabic world,1300.0,historian,non_europe,re_arabic_world
2426,Q1959585,Ibn al-Tiqtaqa,re_arabic_world,Arabic world,1262.0,linguist | historian,non_europe,re_arabic_world
2427,Q4115511,Abu al-Hassan al-Amiri,re_arabic_world,Arabic world,913.0,philosopher,non_europe,re_arabic_world
2428,Q451427,Usama ibn Munqidh,re_arabic_world,Arabic world,1095.0,historian,non_europe,re_arabic_world
2429,Q67092995,Ismail al-Hadhiri,re_arabic_world,Arabic world,1137.0,linguist,non_europe,re_arabic_world
2430,Q7507290,Sibt al-Maridini,re_arabic_world,Arabic world,1423.0,astronomer,non_europe,re_arabic_world
2431,Q55064769,Charles Leprieur,re_arabic_world,Arabic world,1848.0,zoologist,non_europe,re_arabic_world
2432,Q328748,Saadia Gaon,re_arabic_world,Arabic world,882.0,philosopher,non_europe,re_arabic_world
2433,Q12252153,Yousef ibn Mohamed ibn Masoud al-Sarmari,re_arabic_world,Arabic world,1296.0,linguist,non_europe,re_arabic_world
2434,Q1356575,Ibn al-Qalanisi,re_arabic_world,Arabic world,1071.0,historian,non_europe,re_arabic_world
2435,Q425501,Al-Azraqi,re_arabic_world,Arabic world,800.0,historian,non_europe,re_arabic_world
2436,Q5984286,Ibn abd al-Malik al-Marrakushi,re_arabic_world,Arabic world,1237.0,historian,non_europe,re_arabic_world
2437,Q648487,Al-Mada'ini,re_arabic_world,Arabic world,753.0,historian,non_europe,re_arabic_world
2438,Q400919,Ahmad al-Qalqashandi,re_arabic_world,Arabic world,1355.0,mathematician,non_europe,re_arabic_world
2439,Q15431116,Al-Quda'i,re_arabic_world,Arabic world,950.0,historian,non_europe,re_arabic_world
2440,Q3571329,Yahya Ibn Khaldun,re_arabic_world,Arabic world,1332.0,historian,non_europe,re_arabic_world
2441,Q287492,Ali ibn Ridwan,re_arabic_world,Arabic world,988.0,astronomer,non_europe,re_arabic_world
2442,Q3460213,Ibn Juljul,re_arabic_world,Arabic world,943.0,pharmacologist,non_europe,re_arabic_world
2443,Q5984161,Ibn Abi Tahir Tayfur,re_arabic_world,Arabic world,819.0,geographer | linguist | historian,non_europe,re_arabic_world
2444,Q6122255,Sayf ibn Umar,re_arabic_world,Arabic world,750.0,historian,non_europe,re_arabic_world
2445,Q1186444,Abu al-Salt,re_arabic_world,Arabic world,1068.0,astronomer | philosopher,non_europe,re_arabic_world
2446,Q2995629,Mohammed ibn Adjurrum,re_arabic_world,Arabic world,1273.0,linguist,non_europe,re_arabic_world
2447,Q2637918,Abu'l-Barakāt al-Baghdādī,re_arabic_world,Arabic world,1080.0,philosopher,non_europe,re_arabic_world
2448,Q1393417,Ali ibn Sahl Rabban al-Tabari,re_arabic_world,Arabic world,838.0,philosopher,non_europe,re_arabic_world
2449,Q3478584,Senoussi,re_arabic_world,Arabic world,1426.0,theologian,non_europe,re_arabic_world
2450,Q46420,Ibn Arabi,re_arabic_world,Arabic world,1165.0,philosopher,non_europe,re_arabic_world
2451,Q3478100,Wasil ibn Ata,re_arabic_world,Arabic world,700.0,theologian,non_europe,re_arabic_world
2452,Q314978,Ali ibn al-Husayn Zayn al-'Abidin,re_arabic_world,Arabic world,659.0,theologian,non_europe,re_arabic_world
2453,Q5847266,Ibn Duqmaq,re_arabic_world,Arabic world,1349.0,historian,non_europe,re_arabic_world
2454,Q536837,Isaac Israeli ben Solomon,re_arabic_world,Arabic world,832.0,philosopher,non_europe,re_arabic_world
2455,Q3772847,Ibn Amira,re_arabic_world,Arabic world,1186.0,historian,non_europe,re_arabic_world
2456,Q203142,Ibn al-Farid,re_arabic_world,Arabic world,1181.0,philosopher,non_europe,re_arabic_world
2457,Q57419639,Aladdin al-Shirazi,re_arabic_world,Arabic world,1386.0,logician,non_europe,re_arabic_world
2458,Q316364,Yaqut al-Hamawi,re_arabic_world,Arabic world,1178.0,geographer | historian,non_europe,re_arabic_world
2459,Q4702931,Al-Mufaddal ibn Abi al-Fada'il,re_arabic_world,Arabic world,1201.0,historian,non_europe,re_arabic_world
2460,Q311462,Abulfeda,re_arabic_world,Arabic world,1273.0,geographer | astronomer | historian,non_europe,re_arabic_world
2461,Q228203,Zufar ibn al-Hudhail,re_arabic_world,Arabic world,728.0,theologian,non_europe,re_arabic_world
2462,Q4702369,Al-Fakihi,re_arabic_world,Arabic world,839.0,historian,non_europe,re_arabic_world
2463,Q6533412,Ibn al-Ḥājib,re_arabic_world,Arabic world,1175.0,historian,non_europe,re_arabic_world
2464,Q3292293,Abu Mansur Mauhub al-Jawaliqi,re_arabic_world,Arabic world,1074.0,linguist,non_europe,re_arabic_world
2465,Q315377,Ali al-Hadi,re_arabic_world,Arabic world,829.0,theologian,non_europe,re_arabic_world
2466,Q12223451,Abdullah bin Asaad Al-Yafi'i,re_arabic_world,Arabic world,1298.0,historian,non_europe,re_arabic_world
2467,Q108733998,Abu al-Faraj al-Armanazi,re_arabic_world,Arabic world,1051.0,historian,non_europe,re_arabic_world
2468,Q42298432,Nasrallah al-Baghdadi,re_arabic_world,Arabic world,1332.0,linguist,non_europe,re_arabic_world
2469,Q4670097,Abu Bakr Ibn Mujāhid,re_arabic_world,Arabic world,900.0,theologian,non_europe,re_arabic_world
2470,Q467161,Samuel ibn Naghrillah,re_arabic_world,Arabic world,993.0,linguist | philosopher,non_europe,re_arabic_world
2471,Q3603848,Abū Isḥāq al-Shīrāzī,re_arabic_world,Arabic world,1003.0,theologian,non_europe,re_arabic_world
2472,Q12220160,"Ṣafadī, Khalīl ibn Aybak",re_arabic_world,Arabic world,1296.0,historian,non_europe,re_arabic_world
2473,Q62709380,Mohamed Bahri Ben Abdessattar,re_arabic_world,Arabic world,1750.0,theologian,non_europe,re_arabic_world
2474,Q3147432,Ibn Abi-Dínar al-Qayrawaní,re_arabic_world,Arabic world,1650.0,historian,non_europe,re_arabic_world
2475,Q12198099,Ibrāhīm ibn ʻUmar Biqāʻī,re_arabic_world,Arabic world,1407.0,historian,non_europe,re_arabic_world
2476,Q584679,Muḥammad ibn Ibrāhīm al-Fazārī,re_arabic_world,Arabic world,746.0,astronomer | mathematician,non_europe,re_arabic_world
2477,Q14095767,Muqātil ibn Sulaymān,re_arabic_world,Arabic world,701.0,theologian,non_europe,re_arabic_world
2478,Q12182523,al-Qāsim ibn Fīrruh Shāṭibī,re_arabic_world,Arabic world,1144.0,theologian,non_europe,re_arabic_world
2479,Q4115307,Al-Jubba'i,re_arabic_world,Arabic world,849.0,theologian | philosopher,non_europe,re_arabic_world
2480,Q6536134,Ibn Sallâm al-Jumahî,re_arabic_world,Arabic world,756.0,linguist,non_europe,re_arabic_world
2481,Q945425,Mashallah ibn Athari,re_arabic_world,Arabic world,740.0,astronomer | mathematician,non_europe,re_arabic_world
2482,Q42298972,Ibn Habib al-Halabi,re_arabic_world,Arabic world,1310.0,historian,non_europe,re_arabic_world
2483,Q7395439,Sa'id ibn Aws al-Ansari,re_arabic_world,Arabic world,743.0,linguist,non_europe,re_arabic_world
2484,Q307665,Abd Allah ibn al-Zubayr,re_arabic_world,Arabic world,624.0,theologian,non_europe,re_arabic_world
2485,Q1151805,Al-Qurtubi,re_arabic_world,Arabic world,1214.0,theologian,non_europe,re_arabic_world
2486,Q4120128,Al-Sakhawi,re_arabic_world,Arabic world,1428.0,historian,non_europe,re_arabic_world
2487,Q4322459,Zarkashi,re_arabic_world,Arabic world,1344.0,historian,non_europe,re_arabic_world
2488,Q3535817,ʿAbd Allāh ibn al-Ḥusayn al- ʿUkbarī,re_arabic_world,Arabic world,1143.0,mathematician,non_europe,re_arabic_world
2489,Q39837,Averroes,re_arabic_world,Arabic world,1126.0,astronomer | philosopher,non_europe,re_arabic_world
2490,Q67654781,Ibn al-Kharrat al-Dawalibi,re_arabic_world,Arabic world,1240.0,linguist,non_europe,re_arabic_world
2491,Q144639,Zakariya al-Qazwini,re_arabic_world,Arabic world,1203.0,geographer | zoologist | historian | mathematician,non_europe,re_arabic_world
2492,Q179759,Al-Kindi,re_arabic_world,Arabic world,801.0,philosopher | musicologist | astronomer | mathematician,non_europe,re_arabic_world
2493,Q22908812,Abul Hasan Hankari,re_arabic_world,Arabic world,1018.0,theologian,non_europe,re_arabic_world
2494,Q1061624,Chananel ben Chushiel,re_arabic_world,Arabic world,990.0,theologian,non_europe,re_arabic_world
2495,Q980179,Safi al-Din al-Urmawi,re_arabic_world,Arabic world,1216.0,musicologist,non_europe,re_arabic_world
2496,Q302956,Aaron ben Elijah,re_arabic_world,Arabic world,1328.0,theologian,non_europe,re_arabic_world
2497,Q3069371,Ibn al‐Ha'im al‐Ishbili,re_arabic_world,Arabic world,1213.0,astronomer | philosopher | mathematician,non_europe,re_arabic_world
2498,Q11079,Muḥammad ibn Jābir al-Ḥarrānī al-Battānī,re_arabic_world,Arabic world,858.0,astronomer | mathematician,non_europe,re_arabic_world
2499,Q15603559,Abū Bakr al-Darbandī,re_arabic_world,Arabic world,1068.0,theologian,non_europe,re_arabic_world
2500,Q4540405,'Abd al-'Aziz al-Wafa'i,re_arabic_world,Arabic world,1408.0,astronomer,non_europe,re_arabic_world
2501,Q4116044,Harith al-Muhasibi,re_arabic_world,Arabic world,781.0,theologian,non_europe,re_arabic_world
2502,Q6532914,Ibn Abī Shaiba,re_arabic_world,Arabic world,776.0,historian,non_europe,re_arabic_world
2503,Q251259,Ibn Tufayl,re_arabic_world,Arabic world,1110.0,philosopher,non_europe,re_arabic_world
2504,Q557361,Yahya of Antioch,re_arabic_world,Arabic world,980.0,historian,non_europe,re_arabic_world
2505,Q307250,'Abd al-Hamīd ibn Turk,re_arabic_world,Arabic world,800.0,mathematician,non_europe,re_arabic_world
2506,Q57259185,Ibn al-Ayni,re_arabic_world,Arabic world,1433.0,linguist,non_europe,re_arabic_world
2507,Q340519,Ahimaaz ben Paltiel,re_arabic_world,Arabic world,1017.0,historian,non_europe,re_arabic_world
2508,Q2719051,Ibn Sab'in,re_arabic_world,Arabic world,1217.0,philosopher,non_europe,re_arabic_world
2509,Q6532706,Ibn Abi al-Dunya,re_arabic_world,Arabic world,823.0,historian,non_europe,re_arabic_world
2510,Q316349,Abu al-Hasan al-Ash'ari,re_arabic_world,Arabic world,873.0,theologian | philosopher,non_europe,re_arabic_world
2511,Q16126606,al-Qāsim ibn ʻAbd Allāh Ibn Quṭlūbughā,re_arabic_world,Arabic world,1399.0,theologian | historian,non_europe,re_arabic_world
2512,Q4670034,Abu 'Ubaida,re_arabic_world,Arabic world,728.0,historian,non_europe,re_arabic_world
2513,Q1378989,Eutychius of Alexandria,re_arabic_world,Arabic world,877.0,historian,non_europe,re_arabic_world
2514,Q367319,Ibn Jubayr,re_arabic_world,Arabic world,1145.0,geographer,non_europe,re_arabic_world
2515,Q4063579,Altaïr Ibn-La'Ahad,re_arabic_world,Arabic world,1165.0,philosopher | historian,non_europe,re_arabic_world
2516,Q9294,Ibn Khaldun,re_arabic_world,Arabic world,1332.0,philosopher | sociologist | economist | anthropologist | historian,non_europe,re_arabic_world
2517,Q293608,Ibn al-Banna' al-Marrakushi,re_arabic_world,Arabic world,1256.0,astronomer | mathematician,non_europe,re_arabic_world
2518,Q330821,Abraham ibn Daud,re_arabic_world,Arabic world,1110.0,philosopher | historian,non_europe,re_arabic_world
2519,Q20003180,Ibn al-Dubaythi,re_arabic_world,Arabic world,1163.0,historian,non_europe,re_arabic_world
2520,Q4695507,Ahmad al-Buni,re_arabic_world,Arabic world,1200.0,mathematician,non_europe,re_arabic_world
2521,Q12178189,Ibn ʿAqil,re_arabic_world,Arabic world,1298.0,linguist,non_europe,re_arabic_world
2522,Q2478044,Alī ibn Ahmad al-Nasawī,re_arabic_world,Arabic world,1010.0,astronomer | mathematician,non_europe,re_arabic_world
2523,Q2820894,Abu l-Faraj at-Tayyib,re_arabic_world,Arabic world,980.0,philosopher,non_europe,re_arabic_world
2524,Q107345083,Abdullah ibn al-Hasan al-Qurtubi,re_arabic_world,Arabic world,1161.0,linguist,non_europe,re_arabic_world
2525,Q28714887,Muhammad ibn Saʿdān al-Ḍarīr,re_arabic_world,Arabic world,778.0,linguist,non_europe,re_arabic_world
2526,Q1379164,Taqi al-Din Muhammad ibn Ma'ruf,re_arabic_world,Arabic world,1526.0,astronomer | mathematician,non_europe,re_arabic_world
2527,Q846536,Ibn al-Adim,re_arabic_world,Arabic world,1192.0,historian,non_europe,re_arabic_world
2528,Q12181595,Sidi Brahim Riahi,re_arabic_world,Arabic world,1766.0,theologian,non_europe,re_arabic_world
2529,Q20383681,Abu al-Qassim al-Amidi,re_arabic_world,Arabic world,905.0,linguist,non_europe,re_arabic_world
2530,Q239355,Solomon ibn Gabirol,re_arabic_world,Arabic world,1021.0,philosopher,non_europe,re_arabic_world
2531,Q52200506,Ibn Naja al-Erbili,re_arabic_world,Arabic world,1190.0,linguist | philosopher,non_europe,re_arabic_world
2532,Q557961,Al-Khatib al-Baghdadi,re_arabic_world,Arabic world,1002.0,historian,non_europe,re_arabic_world
2533,Q119679,Ibn Qayyim Al-Jawziy,re_arabic_world,Arabic world,1292.0,theologian,non_europe,re_arabic_world
2534,Q481455,Abu-Shama al-Maqdissí,re_arabic_world,Arabic world,1203.0,historian,non_europe,re_arabic_world
2535,Q107344255,Abu al-Hajjaj al-Balawi,re_arabic_world,Arabic world,1132.0,linguist,non_europe,re_arabic_world
2536,Q11937838,Izz al-Din ibn Shaddad,re_arabic_world,Arabic world,1217.0,historian,non_europe,re_arabic_world
2537,Q4121967,Ibn al-Majdi,re_arabic_world,Arabic world,1359.0,astronomer | mathematician,non_europe,re_arabic_world
2538,Q3303997,Abu Sulayman Sijistani,re_arabic_world,Arabic world,932.0,philosopher,non_europe,re_arabic_world
2539,Q732363,Ibn 'Abd al-Barr,re_arabic_world,Arabic world,978.0,historian,non_europe,re_arabic_world
2540,Q846343,Sibt ibn al-Jawzi,re_arabic_world,Arabic world,1186.0,historian,non_europe,re_arabic_world
2541,Q55997606,Ibn al-Uqlishi,re_arabic_world,Arabic world,1097.0,linguist,non_europe,re_arabic_world
2542,Q2922506,Busiri,re_arabic_world,Arabic world,1213.0,mathematician,non_europe,re_arabic_world
2543,Q5963182,Abū al-Ṣalāḥ al-Ḥalabī,re_arabic_world,Arabic world,984.0,theologian,non_europe,re_arabic_world
2544,Q285255,Al-Waqidi,re_arabic_world,Arabic world,747.0,historian,non_europe,re_arabic_world
2545,Q2481432,Ibn al-Qifti,re_arabic_world,Arabic world,1172.0,historian,non_europe,re_arabic_world
2546,Q2665215,Ibrahim ibn Adham,re_arabic_world,Arabic world,718.0,theologian,non_europe,re_arabic_world
2547,Q20422810,Muḥammad ibn ʻAbd al-Malik Hamadhānī,re_arabic_world,Arabic world,1071.0,historian,non_europe,re_arabic_world
2548,Q11133,Abū Ishāq Ibrāhīm al-Zarqālī,re_arabic_world,Arabic world,1027.0,astronomer,non_europe,re_arabic_world
2549,Q3147440,Ibn Xabbat,re_arabic_world,Arabic world,1221.0,historian,non_europe,re_arabic_world
2550,Q6820252,Al-Jaṣṣās,re_arabic_world,Arabic world,918.0,theologian,non_europe,re_arabic_world
2551,Q423600,`Abdullah ibn `Abbas,re_arabic_world,Arabic world,619.0,historian,non_europe,re_arabic_world
2552,Q3321466,Ibn al-Abbar,re_arabic_world,Arabic world,1199.0,historian,non_europe,re_arabic_world
2553,Q2822098,Abul Barakat al-Balafiki,re_arabic_world,Arabic world,1264.0,historian,non_europe,re_arabic_world
2554,Q3751049,Al-Udri,re_arabic_world,Arabic world,1003.0,historian,non_europe,re_arabic_world
2555,Q6538102,Ibn Hisham Al-Ansari,re_arabic_world,Arabic world,1309.0,linguist,non_europe,re_arabic_world
2556,Q367330,Ibn Hawqal,re_arabic_world,Arabic world,943.0,geographer,non_europe,re_arabic_world
2557,Q2730946,Ahmed Ibn Abi Dhiaf,re_arabic_world,Arabic world,1804.0,historian,non_europe,re_arabic_world
2558,Q298439,Abu al-Wafa Buzjani,re_arabic_world,Arabic world,940.0,astronomer | mathematician,non_europe,re_arabic_world
2559,Q107355618,Abd al-Malik ibn al-Siraj,re_arabic_world,Arabic world,1009.0,linguist,non_europe,re_arabic_world
2560,Q633027,Mahmoud Kabadou,re_arabic_world,Arabic world,1815.0,theologian,non_europe,re_arabic_world
2561,Q3317409,Mkhitar of Ani,re_arabic_world,Arabic world,1200.0,historian,non_europe,re_arabic_world
2562,Q2898339,Judah ibn Kuraish,re_arabic_world,Arabic world,850.0,linguist,non_europe,re_arabic_world
2563,Q2745220,Ibn Hayyan,re_arabic_world,Arabic world,987.0,historian,non_europe,re_arabic_world
2564,Q5907908,Ibn Bassal,re_arabic_world,Arabic world,1050.0,botanist,non_europe,re_arabic_world
2565,Q9593473,al-Musabbihi,re_arabic_world,Arabic world,977.0,historian,non_europe,re_arabic_world
2566,Q1299570,Ibn Zafar,re_arabic_world,Arabic world,1104.0,philosopher | political scientist,non_europe,re_arabic_world
2567,Q3875793,Husam al-Din Chalabi,re_arabic_world,Arabic world,1225.0,theologian,non_europe,re_arabic_world
2568,Q19629001,Sidi Boushaki,re_arabic_world,Arabic world,1394.0,theologian,non_europe,re_arabic_world
2569,Q12183231,Abu Bakr al-Ajurri,re_arabic_world,Arabic world,893.0,theologian,non_europe,re_arabic_world
2570,Q315920,Hasan al-Askari,re_arabic_world,Arabic world,846.0,theologian,non_europe,re_arabic_world
2571,Q6056774,İbni Arapşah,re_arabic_world,Arabic world,1389.0,philosopher,non_europe,re_arabic_world
2572,Q401463,Ahmed ar-Rifa'i,re_arabic_world,Arabic world,1118.0,theologian,non_europe,re_arabic_world
2573,Q2846653,Ibn Faradi,re_arabic_world,Arabic world,962.0,historian,non_europe,re_arabic_world
2574,Q130169,Sharif al-Murtadha,re_arabic_world,Arabic world,966.0,theologian,non_europe,re_arabic_world
2575,Q2821719,Abu Raita al-Takriti,re_arabic_world,Arabic world,775.0,theologian,non_europe,re_arabic_world
2576,Q2462319,Abū al-Ḥasan ibn ʿAlī al-Qalaṣādī,re_arabic_world,Arabic world,1412.0,mathematician,non_europe,re_arabic_world
2577,Q6533916,Ibn al-Sha'ar,re_arabic_world,Arabic world,1197.0,historian,non_europe,re_arabic_world
2578,Q31439,Abraham bar Hiyya,re_arabic_world,Arabic world,1070.0,geographer | astronomer | philosopher | mathematician,non_europe,re_arabic_world
2579,Q21208801,Muhammad al-Baghdadi,re_arabic_world,Arabic world,980.0,mathematician,non_europe,re_arabic_world
2580,Q982406,Sheikh Adi ibn Musafir,re_arabic_world,Arabic world,1073.0,theologian,non_europe,re_arabic_world
2581,Q6088021,Issachar ben Mordecai ibn Susan,re_arabic_world,Arabic world,1510.0,mathematician,non_europe,re_arabic_world
2582,Q81627,al-Jazari,re_arabic_world,Arabic world,1136.0,astronomer | mathematician,non_europe,re_arabic_world
2583,Q20384863,Muhammad ibn al-Hasan Saʼigh,re_arabic_world,Arabic world,1247.0,linguist,non_europe,re_arabic_world
2584,Q3043486,Sultan Walad,re_arabic_world,Arabic world,1226.0,philosopher,non_europe,re_arabic_world
2585,Q1399609,Ibn al-Rawandi,re_arabic_world,Arabic world,827.0,philosopher | historian,non_europe,re_arabic_world
2586,Q2231534,Yusuf al-Mu'taman ibn Hud,re_arabic_world,Arabic world,1001.0,mathematician,non_europe,re_arabic_world
2587,Q3154800,Isaac ibn Saul,re_arabic_world,Arabic world,950.0,linguist,non_europe,re_arabic_world
2588,Q168705,Al-Masudi,re_arabic_world,Arabic world,896.0,geographer | historian,non_europe,re_arabic_world
2589,Q12178782,Abu al-'Abbas Tha'lab,re_arabic_world,Arabic world,815.0,linguist,non_europe,re_arabic_world
2590,Q1370661,Menahem ben Saruq,re_arabic_world,Arabic world,920.0,philosopher,non_europe,re_arabic_world
2591,Q11104,Ibn al-Haytham,re_arabic_world,Arabic world,965.0,astronomer | philosopher | physicist | mathematician,non_europe,re_arabic_world
2592,Q55835386,Abū-Saʻīd Faraǧ Ibn-Qāsim Ibn-Lubb,re_arabic_world,Arabic world,1301.0,linguist,non_europe,re_arabic_world
2593,Q19291166,Ishaq ben Reuben,re_arabic_world,Arabic world,1073.0,philosopher,non_europe,re_arabic_world
2594,Q299200,Judah Halevi,re_arabic_world,Arabic world,1075.0,theologian | philosopher,non_europe,re_arabic_world
2595,Q16693597,Saad bin Ibrahim al-Zuhri,re_arabic_world,Arabic world,700.0,theologian,non_europe,re_arabic_world
2596,Q732429,Muhammad ibn Sa'd ibn Mani' al-Baghdadi,re_arabic_world,Arabic world,784.0,historian,non_europe,re_arabic_world
2597,Q2975510,Ibrahim ibn Sinan,re_arabic_world,Arabic world,908.0,astronomer | mathematician,non_europe,re_arabic_world
2598,Q7684920,Taqi al-Din Muhammad ibn Ahmad al-Fasi,re_arabic_world,Arabic world,1373.0,historian,non_europe,re_arabic_world
2599,Q334854,Ali ibn al-Athir,re_arabic_world,Arabic world,1160.0,theologian | historian,non_europe,re_arabic_world
2600,Q292484,Sayf al-Din al-Amidi,re_arabic_world,Arabic world,1156.0,philosopher,non_europe,re_arabic_world
2601,Q762229,Bahya ibn Paquda,re_arabic_world,Arabic world,1050.0,theologian | philosopher,non_europe,re_arabic_world
2602,Q192124,Muhammad ibn Jarir al-Tabari,re_arabic_world,Arabic world,839.0,philosopher | historian,non_europe,re_arabic_world
2603,Q2277088,Niftawayh,re_arabic_world,Arabic world,858.0,linguist | historian,non_europe,re_arabic_world
2604,Q5675767,"Kāzarūnī, ʻAlī ibn Muḥammad",re_arabic_world,Arabic world,1217.0,historian,non_europe,re_arabic_world
2605,Q716228,Hisham Ibn Al-Kalbi,re_arabic_world,Arabic world,737.0,historian,non_europe,re_arabic_world
2606,Q481499,Ibn Taghribirdi,re_arabic_world,Arabic world,1410.0,historian,non_europe,re_arabic_world
2607,Q1238067,Muhammad ibn Yūsuf al-Warrāq,re_arabic_world,Arabic world,904.0,geographer | historian,non_europe,re_arabic_world
2608,Q20388315,Afdal al-Din al-Khunaji,re_arabic_world,Arabic world,1194.0,philosopher,non_europe,re_arabic_world
2609,Q12251200,Wakee ibn al-Jarrah,re_arabic_world,Arabic world,746.0,theologian,non_europe,re_arabic_world
2610,Q66587206,Ibn al-Fahham,re_arabic_world,Arabic world,1031.0,linguist,non_europe,re_arabic_world
2611,Q7331,Ibn Battuta,re_arabic_world,Arabic world,1304.0,geographer,non_europe,re_arabic_world
2612,Q770298,Sadr al-Din al-Qunawi,re_arabic_world,Arabic world,1209.0,philosopher,non_europe,re_arabic_world
2613,Q16169783,Arib ibn Sa'd al-Katib al-Qurtubi,re_arabic_world,Arabic world,979.0,historian,non_europe,re_arabic_world
2614,Q12177924,Ahmad ibn Muhammad abu Yafar al-Gafiqi,re_arabic_world,Arabic world,1100.0,botanist | historian,non_europe,re_arabic_world
2615,Q317787,Ibn Hazm,re_arabic_world,Arabic world,994.0,geographer | philosopher,non_europe,re_arabic_world
2616,Q2390573,Al-ʾAṣmaʿiyy,re_arabic_world,Arabic world,740.0,botanist,non_europe,re_arabic_world
2617,Q16118116,Yaḥyā Ibn-Ziyād Farrāʾ,re_arabic_world,Arabic world,761.0,astronomer | linguist,non_europe,re_arabic_world
2618,Q12233266,Mūsá ibn Muḥammad Yūnīnī,re_arabic_world,Arabic world,1242.0,historian,non_europe,re_arabic_world
2619,Q4666111,Abdullah ibn Mubarak,re_arabic_world,Arabic world,736.0,historian,non_europe,re_arabic_world
2620,Q26215542,Kamal al-Din bin Younis,re_arabic_world,Arabic world,1156.0,astronomer | chemist | mathematician,non_europe,re_arabic_world
2621,Q984663,Ibn Qutaybah,re_arabic_world,Arabic world,828.0,theologian | historian,non_europe,re_arabic_world
2622,Q482353,al-Qadi al-Nuʿman,re_arabic_world,Arabic world,903.0,theologian | historian,non_europe,re_arabic_world
2623,Q12178297,Abū ʿAlī al-Fārisī,re_arabic_world,Arabic world,901.0,linguist,non_europe,re_arabic_world
2624,Q5984300,Ibn al-Furat,re_arabic_world,Arabic world,1336.0,historian,non_europe,re_arabic_world
2625,Q112465,Nafi' al-Madani,re_arabic_world,Arabic world,689.0,theologian,non_europe,re_arabic_world
2626,Q5410881,Muḥammad Ibn-Ibrāhīm Ibn-Ǧamāʿa,re_arabic_world,Arabic world,1241.0,theologian,non_europe,re_arabic_world
2627,Q514144,Guillaume de Sonnac,re_arabic_world,Arabic world,1200.0,historian,non_europe,re_arabic_world
2628,Q11373,Abu Ma'shar al-Balkhi,re_arabic_world,Arabic world,787.0,astronomer | philosopher | mathematician,non_europe,re_arabic_world
2629,Q22933487,Ibn al-Sa'i,re_arabic_world,Arabic world,1196.0,historian,non_europe,re_arabic_world
2630,Q369690,Ibn Kathir,re_arabic_world,Arabic world,1301.0,historian,non_europe,re_arabic_world
2631,Q293669,Abd al-Rahman al-Awza'i,re_arabic_world,Arabic world,707.0,theologian | philosopher,non_europe,re_arabic_world
2632,Q174325,Ibn Wasil,re_arabic_world,Arabic world,1208.0,philosopher | historian | mathematician,non_europe,re_arabic_world
2633,Q731866,Abu'l-Faraj ibn al-Jawzi,re_arabic_world,Arabic world,1116.0,philosopher | historian,non_europe,re_arabic_world
2634,Q12201802,ʿAbd-al-Wahhāb Ibn-ʿAlī Tāǧ-ad-Dīn as-Subkī,re_arabic_world,Arabic world,1327.0,theologian,non_europe,re_arabic_world
2635,Q319146,Ibn al-Nafis,re_arabic_world,Arabic world,1210.0,philosopher,non_europe,re_arabic_world
2636,Q334847,Ibn Ishaq,re_arabic_world,Arabic world,704.0,historian,non_europe,re_arabic_world
2637,Q2440642,Thomas of Jesus,re_arabic_world,Arabic world,1529.0,theologian,non_europe,re_arabic_world
2638,Q1153185,Sahl al-Tustari,re_arabic_world,Arabic world,818.0,theologian,non_europe,re_arabic_world
2639,Q57693362,Muhammad ibn Abd al-Wahid Mallahi,re_arabic_world,Arabic world,1154.0,historian,non_europe,re_arabic_world
2640,Q12243677,Muadh al-Harra,re_arabic_world,Arabic world,800.0,linguist,non_europe,re_arabic_world
2641,Q3308706,Ibn al-Wafid,re_arabic_world,Arabic world,997.0,botanist,non_europe,re_arabic_world
2642,Q6533428,Ibn al-Kashshab,re_arabic_world,Arabic world,1098.0,linguist,non_europe,re_arabic_world
2643,Q6407970,ʻAbd Allah ibn Muhammad al-Husayni Nuqrahkar,re_arabic_world,Arabic world,1307.0,linguist,non_europe,re_arabic_world
2644,Q12205849,Muhammad ibn Ibrahim ibn Yahya Watwat,re_arabic_world,Arabic world,1235.0,botanist | linguist | zoologist | chemist,non_europe,re_arabic_world
2645,Q6535133,Ibn Jinni,re_arabic_world,Arabic world,941.0,linguist,non_europe,re_arabic_world
2646,Q2477222,Abdullah ibn Saba',re_arabic_world,Arabic world,600.0,theologian,non_europe,re_arabic_world
2647,Q335635,Al-Mawardi,re_arabic_world,Arabic world,974.0,political scientist | sociologist,non_europe,re_arabic_world
2648,Q200947,Ahmad ibn Fadlan,re_arabic_world,Arabic world,879.0,geographer,non_europe,re_arabic_world
2649,Q4118605,Muhammad al-Maghili,re_arabic_world,Arabic world,1440.0,theologian,non_europe,re_arabic_world
2650,Q12187054,Jalal al-Din al-Qazwini,re_arabic_world,Arabic world,1268.0,linguist,non_europe,re_arabic_world
2651,Q2081331,Haly Abenragel,re_arabic_world,Arabic world,901.0,astronomer,non_europe,re_arabic_world
2652,Q2918077,Said al-Andalusi,re_arabic_world,Arabic world,1029.0,astronomer | historian,non_europe,re_arabic_world
2653,Q8192126,Ahmad ibn Muhammad al-Razi,re_arabic_world,Arabic world,887.0,historian,non_europe,re_arabic_world
2654,Q3637065,Baybars al-Mansûrî,re_arabic_world,Arabic world,1247.0,historian,non_europe,re_arabic_world
2655,Q467148,Joseph ben Ephraim Karo,re_arabic_world,Arabic world,1488.0,philosopher,non_europe,re_arabic_world
2656,Q6536330,Muhammad ibn Shakir al-Kutubi,re_arabic_world,Arabic world,1287.0,historian,non_europe,re_arabic_world
2657,Q12178232,Abu Hashim al-Jubba'i,re_arabic_world,Arabic world,888.0,theologian,non_europe,re_arabic_world
2658,Q12181671,Ibrahim al-Riyadi al-Shaybani,re_arabic_world,Arabic world,838.0,linguist,non_europe,re_arabic_world
2659,Q288111,Jabir ibn Aflah,re_arabic_world,Arabic world,1100.0,astronomer | mathematician,non_europe,re_arabic_world
2660,Q16027759,Hussein Baroudi,re_arabic_world,Arabic world,1698.0,theologian,non_europe,re_arabic_world
2661,Q4664586,Abd al-Rahman al-Jadiri,re_arabic_world,Arabic world,1375.0,astronomer,non_europe,re_arabic_world
2662,Q307686,Abdullah ibn Salam,re_arabic_world,Arabic world,550.0,theologian,non_europe,re_arabic_world
2663,Q2342579,Sharaf al-Dīn al-Ṭūsī,re_arabic_world,Arabic world,1135.0,astronomer | mathematician,non_europe,re_arabic_world
2664,Q3772449,Ibn al-Saffar,re_arabic_world,Arabic world,950.0,astronomer,non_europe,re_arabic_world
2665,Q7902047,Usman Harooni,re_arabic_world,Arabic world,1107.0,philosopher,non_europe,re_arabic_world
2666,Q20384774,Muḥammad ibn ʻAbd al-Wāḥid Ibn al-Humām,re_arabic_world,Arabic world,1388.0,theologian,non_europe,re_arabic_world
2667,Q108687011,Aḥmad ibn Yūsuf Qaramānī,re_arabic_world,Arabic world,1532.0,historian,non_europe,re_arabic_world
2668,Q1235399,Ibn al-'Awwam,re_arabic_world,Arabic world,1150.0,botanist,non_europe,re_arabic_world
2669,Q330776,Abraham ben Solomon,re_arabic_world,Arabic world,1482.0,historian,non_europe,re_arabic_world
2670,Q3147451,Ibn Qurqūl,re_arabic_world,Arabic world,1111.0,theologian,non_europe,re_arabic_world
2671,Q639821,Ibn Kammuna,re_arabic_world,Arabic world,1215.0,theologian | philosopher,non_europe,re_arabic_world
2672,Q918471,Abu Bakr ibn al-Arabi,re_arabic_world,Arabic world,1076.0,historian,non_europe,re_arabic_world
2673,Q4670442,Abu al-Hasan Ali al-Jaznai,re_arabic_world,Arabic world,1300.0,historian,non_europe,re_arabic_world
2674,Q56063581,Judah ben Solomon ha-Kohen,re_arabic_world,Arabic world,1215.0,astronomer,non_europe,re_arabic_world
2675,Q4670036,Abu Abdallah ibn Askar,re_arabic_world,Arabic world,1529.0,historian,non_europe,re_arabic_world
2676,Q13176625,Aḥmad ibn Yūsuf ibn ʻAlī Ibn al-Azraq al-Fāriqī,re_arabic_world,Arabic world,1116.0,historian,non_europe,re_arabic_world
2677,Q3163814,Jean-Baptiste Adanson,re_arabic_world,Arabic world,1732.0,historian,non_europe,re_arabic_world
2678,Q57420531,Ibn Khatib al-Nasiriya,re_arabic_world,Arabic world,1372.0,historian,non_europe,re_arabic_world
2679,Q4116640,Muhammad ibn Aslam Al-Ghafiqi,re_arabic_world,Arabic world,1100.0,botanist,non_europe,re_arabic_world
2680,Q106595657,Al-Ṭignarī,re_arabic_world,Arabic world,1100.0,botanist,non_europe,re_arabic_world
2681,Q3147455,Ibn Masarra,re_arabic_world,Arabic world,883.0,philosopher,non_europe,re_arabic_world
2682,Q565665,Ibn 'Asakir,re_arabic_world,Arabic world,1105.0,theologian | historian,non_europe,re_arabic_world
2683,Q380295,Bar Hebraeus,re_arabic_world,Arabic world,1226.0,historian,non_europe,re_arabic_world
2684,Q2608002,Al-Baqillani,re_arabic_world,Arabic world,950.0,theologian,non_europe,re_arabic_world
2685,Q28714944,Al-Rummani,re_arabic_world,Arabic world,909.0,linguist | logician,non_europe,re_arabic_world
2686,Q20418542,Abu-l-Hasan al-Tamgruti,re_arabic_world,Arabic world,1534.0,historian,non_europe,re_arabic_world
2687,Q5949576,Bondari Esfahani,re_arabic_world,Arabic world,1190.0,historian,non_europe,re_arabic_world
2688,Q57316754,Ibn Hasnun,re_arabic_world,Arabic world,908.0,linguist,non_europe,re_arabic_world
2689,Q527284,Yaʿqūb ibn Ṭāriq,re_arabic_world,Arabic world,800.0,astronomer | mathematician,non_europe,re_arabic_world
2690,Q3483161,Sidi Abderrahmane ath-Thaalibi,re_arabic_world,Arabic world,1384.0,theologian,non_europe,re_arabic_world
2691,Q2399607,Mohamed Bayram I,re_arabic_world,Arabic world,1718.0,theologian,non_europe,re_arabic_world
2692,Q404554,William of Tripoli,re_arabic_world,Arabic world,1250.0,anthropologist,non_europe,re_arabic_world
2693,Q2474911,Al-Abbās ibn Said al-Jawharī,re_arabic_world,Arabic world,800.0,astronomer | mathematician,non_europe,re_arabic_world
2694,Q253568,Baha ad-Din ibn Shaddad,re_arabic_world,Arabic world,1145.0,theologian | historian,non_europe,re_arabic_world
2695,Q20639763,Taghi-o-din Rased,re_arabic_world,Arabic world,1521.0,mathematician,non_europe,re_arabic_world
2696,Q3607440,Al-Harran,re_arabic_world,Arabic world,1030.0,theologian | astronomer | philosopher,non_europe,re_arabic_world
2697,Q11904608,Al-Birzali,re_arabic_world,Arabic world,1267.0,historian,non_europe,re_arabic_world
2698,Q3180928,Abu Hafs Umar al-Suhrawardi,re_arabic_world,Arabic world,1145.0,theologian | philosopher,non_europe,re_arabic_world
2699,Q4164868,Al-Jaldaki,re_arabic_world,Arabic world,1300.0,chemist,non_europe,re_arabic_world
2700,Q4116117,Ibrahim El-Desouki,re_arabic_world,Arabic world,1255.0,theologian,non_europe,re_arabic_world
2701,Q225496,Abu Bakr bin Yahya al-Suli,re_arabic_world,Arabic world,880.0,historian,non_europe,re_arabic_world
2702,Q2829269,Al-Qatrawani,re_arabic_world,Arabic world,1450.0,mathematician,non_europe,re_arabic_world
2703,Q335103,Abū Kāmil Shujāʿ ibn Aslam,re_arabic_world,Arabic world,850.0,mathematician,non_europe,re_arabic_world
2704,Q5657658,Muhammad al-Khushani,re_arabic_world,Arabic world,901.0,historian,non_europe,re_arabic_world
2705,Q19715092,Ibn Muyassar,re_arabic_world,Arabic world,1231.0,historian,non_europe,re_arabic_world
2706,Q2822074,Abu Chama Chihab al-Din Abu al-Qasim abd al-Rahman,re_arabic_world,Arabic world,1203.0,historian,non_europe,re_arabic_world
2707,Q71394,Ibn Khallikan,re_arabic_world,Arabic world,1211.0,historian,non_europe,re_arabic_world
2708,Q459921,Ibn Yunus,re_arabic_world,Arabic world,950.0,astronomer | philosopher | mathematician,non_europe,re_arabic_world
2709,Q42332045,Ibn al-Dhibithi,re_arabic_world,Arabic world,1163.0,historian,non_europe,re_arabic_world
2710,Q4165460,Aban bin Uthman bin Affan,re_arabic_world,Arabic world,641.0,historian,non_europe,re_arabic_world
2711,Q11926333,Ibn Abi l-Dam,re_arabic_world,Arabic world,1187.0,historian,non_europe,re_arabic_world
2712,Q94875106,ʿAlī Ibn-al-Mufaḍḍal al- Maqdisī,re_arabic_world,Arabic world,1150.0,theologian,non_europe,re_arabic_world
2713,Q5602779,Al-Marzubānī,re_arabic_world,Arabic world,909.0,historian,non_europe,re_arabic_world
2714,Q16148550,Abu'l Hasan ibn Arfa Ra'a,re_arabic_world,Arabic world,1121.0,chemist,non_europe,re_arabic_world
2715,Q2837555,Abu Bakr Muhammad al-Turtushi,re_arabic_world,Arabic world,1059.0,political scientist,non_europe,re_arabic_world
2716,Q51454069,Ibn al-Haitham,re_arabic_world,Arabic world,850.0,historian,non_europe,re_arabic_world
2717,Q20003172,Ibn Abī Ṭayyiʼ,re_arabic_world,Arabic world,1180.0,historian,non_europe,re_arabic_world
2718,Q4695527,Ahmad ibn Qasim Al-Hajarī,re_arabic_world,Arabic world,1570.0,linguist,non_europe,re_arabic_world
2719,Q12228305,Umara bin Abi al-Hasan al-Hakami,re_arabic_world,Arabic world,1121.0,historian,non_europe,re_arabic_world
2720,Q590185,Abu Madyan,re_arabic_world,Arabic world,1126.0,theologian,non_europe,re_arabic_world
2721,Q6834951,Muḥammad Ibn-al-Huḏail Abu-'l-Huḏail al-ʿAllāf,re_arabic_world,Arabic world,752.0,theologian,non_europe,re_arabic_world
2722,Q2474018,Kushyar Gilani,re_arabic_world,Arabic world,971.0,geographer | astronomer | mathematician,non_europe,re_arabic_world
2723,Q3773066,Ibn Juzayy,re_arabic_world,Arabic world,1321.0,historian,non_europe,re_arabic_world
2724,Q99975913,Ahmad ibn Arabxah,re_arabic_world,Arabic world,1389.0,historian,non_europe,re_arabic_world
2725,Q12193844,Mundhirī,re_arabic_world,Arabic world,1185.0,historian,non_europe,re_arabic_world
2726,Q6288216,Joseph ibn Shem-Tov,re_arabic_world,Arabic world,1400.0,philosopher,non_europe,re_arabic_world
2727,Q4115862,Abu al-Abbas al-Nabati,re_arabic_world,Arabic world,1166.0,theologian | botanist,non_europe,re_arabic_world
2728,Q293497,Al-Jahiz,re_arabic_world,Arabic world,775.0,zoologist | historian,non_europe,re_arabic_world
2729,Q783253,Maslamah ibn Aḥmad Majrīṭī,re_arabic_world,Arabic world,950.0,astronomer | chemist | mathematician,non_europe,re_arabic_world
2730,Q12180143,Akmal al-Din al-Babarti,re_arabic_world,Arabic world,1314.0,theologian | linguist,non_europe,re_arabic_world
2731,Q5984216,Ibn Jurayj,re_arabic_world,Arabic world,699.0,theologian,non_europe,re_arabic_world
2732,Q60832196,Ibn Fallus,re_arabic_world,Arabic world,1194.0,mathematician,non_europe,re_arabic_world
2733,Q3101035,Qadi Ayyad,re_arabic_world,Arabic world,1084.0,historian,non_europe,re_arabic_world
2734,Q3561501,Ishaq ibn Hunayn,re_arabic_world,Arabic world,830.0,mathematician,non_europe,re_arabic_world
2735,Q6532961,Ibn Abī Yaʿlā,re_arabic_world,Arabic world,1059.0,historian,non_europe,re_arabic_world
2736,Q318820,Benjamin of Tudela,re_arabic_world,Arabic world,1130.0,historian,non_europe,re_arabic_world
2737,Q11904655,Al-Mubashshir ibn Fātik,re_arabic_world,Arabic world,1019.0,philosopher | mathematician,non_europe,re_arabic_world
2738,Q3791575,Ibn Shihab al-Zuhri,re_arabic_world,Arabic world,678.0,theologian | historian,non_europe,re_arabic_world
2739,Q12177686,Ibn al-Sarī al-Zajjāj,re_arabic_world,Arabic world,857.0,linguist,non_europe,re_arabic_world
2740,Q250568,Thābit ibn Qurra,re_arabic_world,Arabic world,836.0,astronomer | mathematician,non_europe,re_arabic_world
2741,Q423774,Urwah ibn Zubayr,re_arabic_world,Arabic world,644.0,historian,non_europe,re_arabic_world
2742,Q3594808,Abd Al-Wahhab bin Ahmad Al-Misri Al-Sharani,re_arabic_world,Arabic world,1491.0,philosopher | historian,non_europe,re_arabic_world
2743,Q6718226,Jaʻfar ibn Thaʻlab Udfuwi,re_arabic_world,Arabic world,1286.0,linguist | historian,non_europe,re_arabic_world
2744,Q3607422,Al-Abiwardi,re_arabic_world,Arabic world,1064.0,historian,non_europe,re_arabic_world
2745,Q217915,Piri Reis,re_arabic_world,Arabic world,1470.0,geographer,non_europe,re_arabic_world
2746,Q3675585,Ibn al-Mustawfī,re_arabic_world,Arabic world,1170.0,linguist | historian,non_europe,re_arabic_world
2747,Q5984236,Ibn Maḍāʾ,re_arabic_world,Arabic world,1116.0,mathematician,non_europe,re_arabic_world
2748,Q54861334,Ahmad ibn Muhammad Fayyumi,re_arabic_world,Arabic world,1291.0,linguist,non_europe,re_arabic_world
2749,Q61056,al-Maʾmun,re_arabic_world,Arabic world,786.0,geographer,non_europe,re_arabic_world
2750,Q718169,Ibn al-Shatir,re_arabic_world,Arabic world,1304.0,astronomer | mathematician,non_europe,re_arabic_world
2751,Q5655018,Abenalsid,re_arabic_world,Arabic world,1052.0,philosopher,non_europe,re_arabic_world
2752,Q2462345,Al-Shaykh Al-Mufid,re_arabic_world,Arabic world,948.0,theologian,non_europe,re_arabic_world
2753,Q42298572,Taj al-Din al-Sinjari,re_arabic_world,Arabic world,1322.0,linguist,non_europe,re_arabic_world
2754,Q3603852,Ibn Kabar,re_arabic_world,Arabic world,1201.0,historian,non_europe,re_arabic_world
2755,Q22684344,Ismail bin Muhammad al-Saffar,re_arabic_world,Arabic world,861.0,linguist,non_europe,re_arabic_world
2756,Q3353450,Fakhr-al-Din Iraqi,re_arabic_world,Arabic world,1213.0,philosopher,non_europe,re_arabic_world
2757,Q160460,Al-Farabi,re_arabic_world,Arabic world,870.0,musicologist | philosopher | physicist,non_europe,re_arabic_world
2758,Q57477040,Qutb al-Din al-Safawi,re_arabic_world,Arabic world,1495.0,logician,non_europe,re_arabic_world
2759,Q363852,Moses Bar-Kepha,re_arabic_world,Arabic world,813.0,theologian,non_europe,re_arabic_world
2760,Q4119124,Ibn Hamza al-Maghribi,re_arabic_world,Arabic world,1500.0,mathematician,non_europe,re_arabic_world
2761,Q270670,Abraham ibn Ezra,re_arabic_world,Arabic world,1092.0,astronomer | philosopher,non_europe,re_arabic_world
2762,Q170046,Ja'far al-Sadiq,re_arabic_world,Arabic world,702.0,theologian,non_europe,re_arabic_world
2763,Q735601,Junayd of Baghdad,re_arabic_world,Arabic world,830.0,philosopher,non_europe,re_arabic_world
2764,Q981803,Dhul-Nun al-Misri,re_arabic_world,Arabic world,796.0,theologian | archeologist | historian,non_europe,re_arabic_world
2765,Q11482162,Ibn al-Haddad,re_arabic_world,Arabic world,1030.0,mathematician,non_europe,re_arabic_world
2766,Q3157606,Jacob ben Nissim,re_arabic_world,Arabic world,950.0,philosopher,non_europe,re_arabic_world
2767,Q6118970,Jacob Mantino ben Samuel,re_arabic_world,Arabic world,1490.0,philosopher,non_europe,re_arabic_world
2768,Q1397028,Ibn Manzur,re_arabic_world,Arabic world,1233.0,historian,non_europe,re_arabic_world
2769,Q2822099,Abu al-Abbas as-Sabti,re_arabic_world,Arabic world,1129.0,philosopher,non_europe,re_arabic_world
2770,Q18204876,Hisham ibn Hakam,re_arabic_world,Arabic world,750.0,philosopher,non_europe,re_arabic_world
2771,Q25088,Muhammad al-Jawad,re_arabic_world,Arabic world,811.0,theologian,non_europe,re_arabic_world
2772,Q10394588,Yaʿīsh ibn Ibrāhīm al-Umawī,re_arabic_world,Arabic world,1400.0,mathematician,non_europe,re_arabic_world
2773,Q12178132,Muḥammad ibn Yūsuf al-Kindi,re_arabic_world,Arabic world,897.0,historian,non_europe,re_arabic_world
2774,Q302835,Nasir al-Din al-Tusi,re_arabic_world,Arabic world,1201.0,theologian | astronomer | philosopher | mathematician,non_europe,re_arabic_world
2775,Q4695524,Ahmad ibn Munim al-Abdari,re_arabic_world,Arabic world,1150.0,mathematician,non_europe,re_arabic_world
2776,Q12198431,Bishr ibn Ghayāth Marīsī,re_arabic_world,Arabic world,800.0,theologian,non_europe,re_arabic_world
2777,Q9038,Al-Khwarizmi,re_arabic_world,Arabic world,780.0,philosopher | astronomer | mathematician | geographer | historian,non_europe,re_arabic_world
2778,Q97144071,Daoud bin Haytham al-Tanukhi,re_arabic_world,Arabic world,843.0,linguist,non_europe,re_arabic_world
2779,Q468432,Jalal al-Din al-Suyuti,re_arabic_world,Arabic world,1445.0,geographer | historian,non_europe,re_arabic_world
2780,Q12183326,Al-Akhfash al-Asghar,re_arabic_world,Arabic world,849.0,linguist,non_europe,re_arabic_world
2781,Q288067,Al-Nuwayri,re_arabic_world,Arabic world,1278.0,historian,non_europe,re_arabic_world
2782,Q557882,Azriel,re_arabic_world,Arabic world,1160.0,philosopher,non_europe,re_arabic_world
2783,Q4117458,Zakariyya al-Ansari,re_arabic_world,Arabic world,1420.0,linguist | historian,non_europe,re_arabic_world
2784,Q5984322,Ibn al-Yasamin,re_arabic_world,Arabic world,1100.0,mathematician,non_europe,re_arabic_world
2785,Q287501,Ibrahim an-Nazzam,re_arabic_world,Arabic world,775.0,theologian,non_europe,re_arabic_world
2786,Q61065695,Muḥibb al-Dīn Ibn al-Najjār,re_arabic_world,Arabic world,1183.0,historian,non_europe,re_arabic_world
2787,Q12208197,Hussein Khouja,re_arabic_world,Arabic world,1666.0,historian,non_europe,re_arabic_world
2788,Q1655886,Ḫalaf Ibn-ʿAbd-al-Malik Ibn-Baškuwāl,re_arabic_world,Arabic world,1101.0,historian,non_europe,re_arabic_world
2789,Q3147671,"Yashūʻadnāḥ, Bishop of Basra",re_arabic_world,Arabic world,801.0,theologian,non_europe,re_arabic_world
2790,Q25489664,Isaac Albalia,re_arabic_world,Arabic world,1035.0,astronomer,non_europe,re_arabic_world
2791,Q4076086,Abd al-Rashid al-Bakuwi,re_arabic_world,Arabic world,1400.0,geographer,non_europe,re_arabic_world
2792,Q519405,Khalifa ibn Khayyat,re_arabic_world,Arabic world,777.0,historian,non_europe,re_arabic_world
2793,Q144287,Zayd ibn Ali,re_arabic_world,Arabic world,695.0,theologian,non_europe,re_arabic_world
2794,Q290506,Al-Hilli,re_arabic_world,Arabic world,1250.0,theologian,non_europe,re_arabic_world
2795,Q2475262,Habash al-Hasib al-Marwazi,re_arabic_world,Arabic world,766.0,astronomer | mathematician,non_europe,re_arabic_world
2796,Q461096,Ibn Hišām,re_arabic_world,Arabic world,701.0,historian,non_europe,re_arabic_world
2797,Q2829271,Al-Qastallani,re_arabic_world,Arabic world,1448.0,historian,non_europe,re_arabic_world
2798,Q4195341,Ibrahim ibn Muhàmmad ibn Ibrahim al-Halabí,re_arabic_world,Arabic world,1460.0,historian,non_europe,re_arabic_world
2799,Q293528,Al-Baladhuri,re_arabic_world,Arabic world,820.0,geographer | historian,non_europe,re_arabic_world
2800,Q16117724,Ahmad al-Wansharisi,re_arabic_world,Arabic world,1431.0,theologian,non_europe,re_arabic_world
2801,Q1032839,Khalaf al-Ahmar,re_arabic_world,Arabic world,733.0,linguist,non_europe,re_arabic_world
2802,Q6534226,Abu Ya'la,re_arabic_world,Arabic world,990.0,theologian,non_europe,re_arabic_world
2803,Q3128063,Hasan al-Rammah,re_arabic_world,Arabic world,1200.0,chemist,non_europe,re_arabic_world
2804,Q1383938,Shem-Tov ibn Falaquera,re_arabic_world,Arabic world,1225.0,philosopher,non_europe,re_arabic_world
2805,Q6533780,Ibn al-Sikkit,re_arabic_world,Arabic world,802.0,linguist,non_europe,re_arabic_world
2806,Q982170,Shlomo ben Aderet,re_arabic_world,Arabic world,1235.0,philosopher,non_europe,re_arabic_world
2807,Q2829242,Al-Mubarrad,re_arabic_world,Arabic world,826.0,linguist,non_europe,re_arabic_world
2808,Q23951994,Ibrahim ibn Said al-Sahli,re_arabic_world,Arabic world,1001.0,astronomer | mathematician,non_europe,re_arabic_world
2809,Q471116,Ibn Hajar al-Asqalani,re_arabic_world,Arabic world,1372.0,historian,non_europe,re_arabic_world
2810,Q357940,Dunash ibn Tamim,re_arabic_world,Arabic world,890.0,astronomer,non_europe,re_arabic_world
2811,Q4670236,Abu Jafar ibn Harun al-Turjali,re_arabic_world,Arabic world,1180.0,philosopher,non_europe,re_arabic_world
2812,Q75007,Muhammad ibn Iyas,re_arabic_world,Arabic world,1448.0,historian,non_europe,re_arabic_world
2813,Q57749726,Ibn al-Qawba',re_arabic_world,Arabic world,1266.0,linguist,non_europe,re_arabic_world
2814,Q12191204,Aḥmad Ibn-Muḥammad al- Qudūrī,re_arabic_world,Arabic world,973.0,theologian,non_europe,re_arabic_world
2815,Q3045396,Ibn Said al-Maghribi,re_arabic_world,Arabic world,1213.0,geographer,non_europe,re_arabic_world
2816,Q840652,Omar Tiberiades,re_arabic_world,Arabic world,762.0,astronomer | philosopher | linguist,non_europe,re_arabic_world
2817,Q107341628,Ibn Sa'd al-Khayr of Valencia,re_arabic_world,Arabic world,1116.0,linguist,non_europe,re_arabic_world
2818,Q3777146,Izz al-Din ibn Hibatullah ibn Abi l-Hadid,re_arabic_world,Arabic world,1191.0,theologian | historian,non_europe,re_arabic_world
2819,Q11728390,Ibn Aqil,re_arabic_world,Arabic world,1040.0,theologian,non_europe,re_arabic_world
2820,Q2987645,Ibn Muʿādh al-Jayyānī,re_arabic_world,Arabic world,989.0,mathematician,non_europe,re_arabic_world
2821,Q3571334,Yahya ibn Adi,re_arabic_world,Arabic world,893.0,philosopher,non_europe,re_arabic_world
2822,Q4664888,Abdelwahid al-Marrakushi,re_arabic_world,Arabic world,1185.0,historian,non_europe,re_arabic_world
2823,Q67201430,Ibn al-Qabisi,re_arabic_world,Arabic world,1163.0,linguist,non_europe,re_arabic_world
2824,Q3046604,Ibn Abi Zar,re_arabic_world,Arabic world,1250.0,historian,non_europe,re_arabic_world
2825,Q127398,Moshe ben Maimon,re_arabic_world,Arabic world,1138.0,astronomer | philosopher,non_europe,re_arabic_world
2826,Q6758211,Jalaluddin al-Mahalli,re_arabic_world,Arabic world,1389.0,theologian,non_europe,re_arabic_world
2827,Q1640082,Abu Hayyan al-Gharnati,re_arabic_world,Arabic world,1256.0,theologian,non_europe,re_arabic_world
2828,Q308115,Abd as-Salam ibn Mashish al-Alami,re_arabic_world,Arabic world,1165.0,theologian,non_europe,re_arabic_world
2829,Q256506,Rabia of Basri,re_arabic_world,Arabic world,710.0,philosopher,non_europe,re_arabic_world
2830,Q307277,Abd al-Latif al-Baghdadi,re_arabic_world,Arabic world,1162.0,archeologist | historian,non_europe,re_arabic_world
2831,Q27546923,Al-Haytham ibn 'Adi,re_arabic_world,Arabic world,748.0,linguist | historian,non_europe,re_arabic_world
2832,Q330616,Al-Damiri,re_arabic_world,Arabic world,1341.0,philosopher | zoologist,non_europe,re_arabic_world
2833,Q3318809,Mohamed Seghir Ben Youssef,re_arabic_world,Arabic world,1691.0,historian,non_europe,re_arabic_world
2834,Q742319,Imad ad-Din al-Isfahani,re_arabic_world,Arabic world,1125.0,historian,non_europe,re_arabic_world
2835,Q12242407,Al-ʻIjliyyah,re_arabic_world,Arabic world,950.0,astronomer,non_europe,re_arabic_world
2836,Q3147431,Ibn Abd al-Zahir,re_arabic_world,Arabic world,1223.0,historian,non_europe,re_arabic_world
2837,Q220697,Abu Yusuf,re_arabic_world,Arabic world,731.0,philosopher,non_europe,re_arabic_world
2838,Q958426,Joseph ibn Tzaddik,re_arabic_world,Arabic world,1075.0,philosopher,non_europe,re_arabic_world
2839,Q6930533,Mu'ayyad fi'l-Din al-Shirazi,re_arabic_world,Arabic world,1000.0,philosopher,non_europe,re_arabic_world
2840,Q5907931,Ibn Tumlus,re_arabic_world,Arabic world,1164.0,philosopher,non_europe,re_arabic_world
2841,Q355455,Nahmanides,re_arabic_world,Arabic world,1194.0,philosopher,non_europe,re_arabic_world
2842,Q16159801,Abu-Bayhas,re_arabic_world,Arabic world,700.0,theologian,non_europe,re_arabic_world
2843,Q712890,Mujahid ibn Jabr,re_arabic_world,Arabic world,642.0,theologian,non_europe,re_arabic_world
2844,Q6533039,Ibn Abi al-Khisal,re_arabic_world,Arabic world,1073.0,historian,non_europe,re_arabic_world
2845,Q1919866,Ahmad ibn Mājid,re_arabic_world,Arabic world,1432.0,geographer,non_europe,re_arabic_world
2846,Q2829407,Abu al-Abbas al-Sharishi,re_arabic_world,Arabic world,1162.0,linguist,non_europe,re_arabic_world
2847,Q335599,Abu al-Faraj al-Isfahani,re_arabic_world,Arabic world,897.0,historian,non_europe,re_arabic_world
2848,Q97143599,Abu al-'Ala al-Majashi'i,re_arabic_world,Arabic world,1066.0,linguist,non_europe,re_arabic_world
2849,Q3607504,al-Himyari,re_arabic_world,Arabic world,1401.0,geographer,non_europe,re_arabic_world
2850,Q3778265,Ibn Sidah,re_arabic_world,Arabic world,1007.0,linguist | philosopher | logician,non_europe,re_arabic_world
2851,Q2479109,Abul Abbas al-Mursi,re_arabic_world,Arabic world,1219.0,theologian,non_europe,re_arabic_world
2852,Q11926367,Ibn al-Mudjawir,re_arabic_world,Arabic world,1204.0,geographer,non_europe,re_arabic_world
2853,Q3607662,Alam al-Din al-Hanafi,re_arabic_world,Arabic world,1178.0,astronomer | mathematician,non_europe,re_arabic_world
2854,Q293554,Al-Dhahabi,re_arabic_world,Arabic world,1274.0,historian,non_europe,re_arabic_world
2855,Q400930,Ahmad ibn Arabshah,re_arabic_world,Arabic world,1389.0,historian,non_europe,re_arabic_world
2856,Q4703267,Al-Suhayli,re_arabic_world,Arabic world,1114.0,theologian,non_europe,re_arabic_world
2857,Q3128841,Sayyid Haydar Amuli,re_arabic_world,Arabic world,1319.0,philosopher,non_europe,re_arabic_world
2858,Q1673518,Isaac ibn Latif,re_arabic_world,Arabic world,1210.0,philosopher,non_europe,re_arabic_world
2859,Q12177855,Al-Bazzar,re_arabic_world,Arabic world,820.0,theologian,non_europe,re_arabic_world
2860,Q527954,Asad ibn al-Furat,re_arabic_world,Arabic world,759.0,theologian,non_europe,re_arabic_world
2861,Q20810372,Abu Saeed Mubarak Makhzoomi,re_arabic_world,Arabic world,1013.0,theologian,non_europe,re_arabic_world
2862,Q2198528,Ahmad ibn Yusuf,re_arabic_world,Arabic world,835.0,astronomer | mathematician,non_europe,re_arabic_world
2863,Q1395668,Ibn Abi Usaibia,re_arabic_world,Arabic world,1203.0,historian,non_europe,re_arabic_world
2864,Q63487755,Shaydhalah,re_arabic_world,Arabic world,1001.0,theologian,non_europe,re_arabic_world
2865,Q22690798,Yahya al-Obaidaly,re_arabic_world,Arabic world,829.0,historian,non_europe,re_arabic_world
2866,Q305975,Abbas Ibn Firnas,re_arabic_world,Arabic world,810.0,astronomer | chemist,non_europe,re_arabic_world
2867,Q294116,Al-Muqaddasi,re_arabic_world,Arabic world,945.0,geographer,non_europe,re_arabic_world
2868,Q6536228,Fatḥ al-Din Ibn Sayyid al-Nās,re_arabic_world,Arabic world,1272.0,historian,non_europe,re_arabic_world
2869,Q8061995,Yusuf bin Ahmad al-Kawneyn,re_arabic_world,Arabic world,1150.0,philosopher,non_europe,re_arabic_world
2870,Q315031,Musa al-Kadhim,re_arabic_world,Arabic world,745.0,theologian,non_europe,re_arabic_world
2871,Q48703,Al-Muzani,re_arabic_world,Arabic world,791.0,theologian,non_europe,re_arabic_world
2872,Q107356660,Ibrahim ibn Abi Bakr al-Ansari,re_arabic_world,Arabic world,1212.0,linguist,non_europe,re_arabic_world
2873,Q337126,Al-Bakri,re_arabic_world,Arabic world,1014.0,botanist | historian | geographer,non_europe,re_arabic_world
2874,Q3719891,Al-Hasan ibn 'Ali al-Barbahari,re_arabic_world,Arabic world,867.0,theologian,non_europe,re_arabic_world
2875,Q293689,al-Yaʿqubi,re_arabic_world,Arabic world,801.0,geographer | historian | mathematician,non_europe,re_arabic_world
2876,Q2829422,Al Wazir Al Sarraj,re_arabic_world,Arabic world,1659.0,historian,non_europe,re_arabic_world
2877,Q1706130,Joseph ben Judah ibn Aknin,re_arabic_world,Arabic world,1150.0,philosopher,non_europe,re_arabic_world
2878,Q3389798,Martin of Leon,re_arabic_world,Arabic world,1130.0,philosopher,non_europe,re_arabic_world
2879,Q615555,Hamza ibn Ali ibn Ahmad,re_arabic_world,Arabic world,985.0,theologian,non_europe,re_arabic_world
2880,Q94943641,Georges Bertin,re_arabic_world,Arabic world,1849.0,historian,non_europe,re_arabic_world
2881,Q470795,Nur ad-Din al-Bitruji,re_arabic_world,Arabic world,1200.0,astronomer,non_europe,re_arabic_world
2882,Q337009,Abu Mikhnaf,re_arabic_world,Arabic world,709.0,historian,non_europe,re_arabic_world
2883,Q4170178,Ibn al-Qaisarani,re_arabic_world,Arabic world,1056.0,historian,non_europe,re_arabic_world
2884,Q19999496,Ezra ben Salomon de Gérone,re_arabic_world,Arabic world,1150.0,theologian,non_europe,re_arabic_world
2885,Q5984303,Ibn al-Fuwati,re_arabic_world,Arabic world,1244.0,astronomer | historian,non_europe,re_arabic_world
2886,Q85962479,Abdullah ibn Ahmad al-Fakihi,re_arabic_world,Arabic world,1493.0,linguist,non_europe,re_arabic_world
2887,Q31003843,'Ala' al-Din al-Bukhari,re_arabic_world,Arabic world,1377.0,theologian | logician,non_europe,re_arabic_world
2888,Q2695766,Abū Hayyān al-Tawhīdī,re_arabic_world,Arabic world,923.0,philosopher,non_europe,re_arabic_world
2889,Q12220518,Ḍirār ibn ʻAmr al-Ghaṭafānī,re_arabic_world,Arabic world,728.0,theologian,non_europe,re_arabic_world
2890,Q3147466,Ibn Zura,re_arabic_world,Arabic world,943.0,philosopher,non_europe,re_arabic_world
2891,Q706588,Khashkhash Ibn Saeed Ibn Aswad,re_arabic_world,Arabic world,801.0,geographer,non_europe,re_arabic_world
2892,Q311495,Abu al-Qasim al-Zahrawi,re_arabic_world,Arabic world,936.0,philosopher | anatomist,non_europe,re_arabic_world
2893,Q282883,Shahab al-Din Suhrawardi,re_arabic_world,Arabic world,1155.0,philosopher,non_europe,re_arabic_world
2894,Q25468769,Majd ad-Dīn Ibn Athir,re_arabic_world,Arabic world,1150.0,linguist | historian,non_europe,re_arabic_world
2895,Q2737184,Ibn al-Khatib,re_arabic_world,Arabic world,1313.0,philosopher | historian,non_europe,re_arabic_world
2896,Q3603837,Abu 'Ali al-Khaiyat,re_arabic_world,Arabic world,770.0,astronomer,non_europe,re_arabic_world
2897,Q10299689,Ibn Ghazi al-Miknasi,re_arabic_world,Arabic world,1437.0,linguist | historian | mathematician,non_europe,re_arabic_world
2898,Q2658869,Chihab al-Umari,re_arabic_world,Arabic world,1301.0,historian,non_europe,re_arabic_world
2899,Q6532342,Ibrahim ibn Ishaq al-Harbi,re_arabic_world,Arabic world,813.0,linguist,non_europe,re_arabic_world
2900,Q97143762,Al-Khidr bin Tharwan,re_arabic_world,Arabic world,1111.0,linguist,non_europe,re_arabic_world
2901,Q1384613,Ibn al-Nadim,re_arabic_world,Arabic world,1000.0,historian,non_europe,re_arabic_world
2902,Q10296786,Sayyed Ibn Tawus,re_arabic_world,Arabic world,1193.0,historian,non_europe,re_arabic_world
2903,Q11908846,Bayan ibn Saman al-Tamimi,re_arabic_world,Arabic world,700.0,theologian,non_europe,re_arabic_world
2904,Q4670019,Abu'l Husayn al-Basri,re_arabic_world,Arabic world,980.0,theologian,non_europe,re_arabic_world
2905,Q1168219,Josef ben Meir ibn Zabara,re_arabic_world,Arabic world,1140.0,physicist,non_europe,re_arabic_world
2906,Q12190429,ʻAlī ibn Muḥammad Sakhāwī,re_arabic_world,Arabic world,1163.0,linguist,non_europe,re_arabic_world
2907,Q167852,Jabir ibn Hayyan,re_arabic_world,Arabic world,721.0,astronomer | philosopher | mathematician,non_europe,re_arabic_world
2908,Q40379014,Ibn Khatib Daraya,re_arabic_world,Arabic world,1344.0,linguist,non_europe,re_arabic_world
2909,Q5661709,Al-Ruayni,re_arabic_world,Arabic world,950.0,philosopher,non_europe,re_arabic_world
2910,Q2637658,Sawirus ibn al-Muqaffaʿ,re_arabic_world,Arabic world,1000.0,historian,non_europe,re_arabic_world
2911,Q178638,Nasreddin,re_arabic_world,Arabic world,1200.0,philosopher,non_europe,re_arabic_world
2912,Q57252424,Ahmad ibn Khalil al-Khoei,re_arabic_world,Arabic world,1187.0,theologian,non_europe,re_arabic_world
2913,Q11362,Avempace,re_arabic_world,Arabic world,1080.0,botanist | astronomer | philosopher | mathematician,non_europe,re_arabic_world
2914,Q1243803,George Elmacin,re_arabic_world,Arabic world,1223.0,historian,non_europe,re_arabic_world
2915,Q18397639,Mūsá ibn ʻUqbah,re_arabic_world,Arabic world,674.0,historian,non_europe,re_arabic_world
2916,Q733598,Moses ben Jacob Cordovero,re_arabic_world,Arabic world,1522.0,theologian,non_europe,re_arabic_world
