,wikidata_id,individual_name,region_code,region_name,birthyear,meta_occupation,meta_region,meta_region_name
4925,Q3363742,Frederik Rostgaard,re_nordic_countries,Nordic countries,1671.0,historian,europe,Nordic countries
5018,Q1539327,Mikkel Pederssøn Escholt,re_nordic_countries,Nordic countries,1700.0,geologist,europe,Nordic countries
5057,Q6236902,Jonas Werving,re_nordic_countries,Nordic countries,1650.0,historian,europe,Nordic countries
5210,Q428694,Boetius of Dacia,re_nordic_countries,Nordic countries,1240.0,philosopher,europe,Nordic countries
5266,Q20252278,Johannes Clementis Mentzius,re_nordic_countries,Nordic countries,1550.0,philosopher,europe,Nordic countries
5344,Q264593,Caspar Bartholin the Elder,re_nordic_countries,Nordic countries,1585.0,theologian | philosopher | anatomist,europe,Nordic countries
5351,Q1779541,Jens Nilssøn,re_nordic_countries,Nordic countries,1538.0,theologian,europe,Nordic countries
5372,Q18246182,Nils Strömcrona,re_nordic_countries,Nordic countries,1664.0,geographer,europe,Nordic countries
5419,Q7905847,Jens Severin Wartberg,re_nordic_countries,Nordic countries,1697.0,theologian,europe,Nordic countries
5449,Q1351994,Johannes Messenius,re_nordic_countries,Nordic countries,1579.0,historian,europe,Nordic countries
5482,Q7639702,Jens Bircherod,re_nordic_countries,Nordic countries,1664.0,theologian,europe,Nordic countries
5490,Q5621928,Peter Dijkman,re_nordic_countries,Nordic countries,1647.0,archeologist,europe,Nordic countries
5513,Q5575855,Johannes Bilberg,re_nordic_countries,Nordic countries,1646.0,theologian | astronomer | mathematician,europe,Nordic countries
5543,Q473225,Georg Brandt,re_nordic_countries,Nordic countries,1694.0,geologist | chemist,europe,Nordic countries
5556,Q5967202,Daniel Lundius,re_nordic_countries,Nordic countries,1666.0,theologian,europe,Nordic countries
5588,Q3777109,Martinus de Dacia,re_nordic_countries,Nordic countries,1220.0,theologian | philosopher,europe,Nordic countries
5739,Q4676751,Peder Lauridsen Kylling,re_nordic_countries,Nordic countries,1640.0,theologian | botanist,europe,Nordic countries
5742,Q537984,Caspar Bartholin the Younger,re_nordic_countries,Nordic countries,1655.0,archeologist | anatomist,europe,Nordic countries
5808,Q6328283,Niels Pedersen Slange,re_nordic_countries,Nordic countries,1656.0,historian,europe,Nordic countries
5809,Q6166963,Johan Julius Salberg,re_nordic_countries,Nordic countries,1680.0,zoologist,europe,Nordic countries
5831,Q1636271,Johann Lund,re_nordic_countries,Nordic countries,1638.0,theologian,europe,Nordic countries
5850,Q935691,Laurentius Petri Gothus,re_nordic_countries,Nordic countries,1529.0,theologian,europe,Nordic countries
5858,Q12365215,Johann Heinrich Gerth,re_nordic_countries,Nordic countries,1645.0,theologian,europe,Nordic countries
5895,Q350198,Olaus Rudbeck,re_nordic_countries,Nordic countries,1630.0,botanist | astronomer | archeologist | anatomist | historian,europe,Nordic countries
5902,Q4590600,Arent Berntsen,re_nordic_countries,Nordic countries,1610.0,geographer,europe,Nordic countries
5961,Q2454821,Troels Arnkiel,re_nordic_countries,Nordic countries,1638.0,theologian | archeologist | musicologist,europe,Nordic countries
6048,Q553947,Sturla Þórðarson,re_nordic_countries,Nordic countries,1214.0,historian,europe,Nordic countries
6097,Q12316425,Henrik Ovesen Pflug,re_nordic_countries,Nordic countries,1633.0,geographer,europe,Nordic countries
6191,Q5760765,Rasmus Glad,re_nordic_countries,Nordic countries,1526.0,theologian,europe,Nordic countries
6193,Q1697554,Johannes Gerdes,re_nordic_countries,Nordic countries,1624.0,theologian,europe,Nordic countries
6209,Q7709558,Joachim Frederik Ramus,re_nordic_countries,Nordic countries,1686.0,geographer | mathematician,europe,Nordic countries
6216,Q14505942,Edvard Edvardsen,re_nordic_countries,Nordic countries,1630.0,historian,europe,Nordic countries
6258,Q3165687,Ingemund Bröms,re_nordic_countries,Nordic countries,1669.0,theologian,europe,Nordic countries
6324,Q13054796,Christian Møinichen,re_nordic_countries,Nordic countries,1683.0,theologian,europe,Nordic countries
6334,Q4981388,Kristina Svantesdotter Sture,re_nordic_countries,Nordic countries,1559.0,historian,europe,Nordic countries
6351,Q5736369,Jonas Fornelius,re_nordic_countries,Nordic countries,1635.0,astronomer | mathematician,europe,Nordic countries
6376,Q5565299,Thomas Bang,re_nordic_countries,Nordic countries,1600.0,theologian,europe,Nordic countries
6443,Q3364447,Jørgen Thygesen Brahe,re_nordic_countries,Nordic countries,1515.0,astronomer,europe,Nordic countries
6524,Q7638711,Jens Bircherod,re_nordic_countries,Nordic countries,1623.0,theologian,europe,Nordic countries
6531,Q5718759,Johan Esberg,re_nordic_countries,Nordic countries,1665.0,theologian,europe,Nordic countries
6646,Q1291374,Johan Franck,re_nordic_countries,Nordic countries,1590.0,botanist,europe,Nordic countries
6701,Q12326447,Matthias de Thestrup,re_nordic_countries,Nordic countries,1688.0,theologian,europe,Nordic countries
6754,Q5590407,Eric Burman,re_nordic_countries,Nordic countries,1692.0,astronomer | meteorologist | mathematician,europe,Nordic countries
6814,Q5412700,Johannes Raumannus,re_nordic_countries,Nordic countries,1570.0,theologian,europe,Nordic countries
6904,Q4955687,Ingeborg i Mjärhult,re_nordic_countries,Nordic countries,1665.0,philosopher,europe,Nordic countries
7143,Q12302584,Axel Jørgensen Urne,re_nordic_countries,Nordic countries,1598.0,mathematician,europe,Nordic countries
7236,Q3603769,Abraham Angermannus,re_nordic_countries,Nordic countries,1540.0,theologian,europe,Nordic countries
7320,Q12343099,Thomas Bartholin den yngste,re_nordic_countries,Nordic countries,1690.0,historian,europe,Nordic countries
7466,Q986444,Thomas Bartholin,re_nordic_countries,Nordic countries,1659.0,archeologist | historian,europe,Nordic countries
7597,Q3827926,Laurentius Paulinus Gothus,re_nordic_countries,Nordic countries,1565.0,astronomer,europe,Nordic countries
7659,Q6221695,Johannes Vallerius,re_nordic_countries,Nordic countries,1677.0,mathematician,europe,Nordic countries
7667,Q6085290,Petrus Rydelius,re_nordic_countries,Nordic countries,1631.0,theologian,europe,Nordic countries
7668,Q1663709,Johannes Rudbeckius,re_nordic_countries,Nordic countries,1581.0,theologian,europe,Nordic countries
7703,Q10966201,Juhana Cajanus,re_nordic_countries,Nordic countries,1655.0,philosopher,europe,Nordic countries
7765,Q5948068,Benedictus Petri Leuchovius,re_nordic_countries,Nordic countries,1585.0,theologian,europe,Nordic countries
7841,Q6257298,Olof Örnehufvud,re_nordic_countries,Nordic countries,1600.0,geographer,europe,Nordic countries
7946,Q748553,Jesper Swedberg,re_nordic_countries,Nordic countries,1653.0,theologian,europe,Nordic countries
7995,Q4393221,Johan Gustaf Renat,re_nordic_countries,Nordic countries,1682.0,geographer,europe,Nordic countries
8314,Q353693,Christopher Polhem,re_nordic_countries,Nordic countries,1661.0,physicist | mathematician,europe,Nordic countries
8334,Q2589657,Paulus Juusten,re_nordic_countries,Nordic countries,1516.0,historian,europe,Nordic countries
8394,Q692994,Henric Benzelius,re_nordic_countries,Nordic countries,1689.0,theologian,europe,Nordic countries
8395,Q5818629,Peder Jacobsen Hygom,re_nordic_countries,Nordic countries,1692.0,theologian,europe,Nordic countries
8402,Q5625276,Anders Gabriel Duhre,re_nordic_countries,Nordic countries,1680.0,mathematician,europe,Nordic countries
8546,Q6167895,Karl Ludvig von Schantz,re_nordic_countries,Nordic countries,1681.0,archeologist,europe,Nordic countries
8615,Q13565189,Charlotta Frölich,re_nordic_countries,Nordic countries,1698.0,historian | botanist | physicist,europe,Nordic countries
8752,Q292974,Ólafur Gíslason,re_nordic_countries,Nordic countries,1691.0,theologian,europe,Nordic countries
8776,Q5908725,Petrus Svenonis Kihlman,re_nordic_countries,Nordic countries,1629.0,theologian,europe,Nordic countries
8890,Q5785780,Cornelius Hamsfort the Younger,re_nordic_countries,Nordic countries,1546.0,historian,europe,Nordic countries
8966,Q5627060,Jordan Edenius,re_nordic_countries,Nordic countries,1624.0,theologian,europe,Nordic countries
9128,Q3360719,Erik Pontoppidan the elder,re_nordic_countries,Nordic countries,1616.0,theologian | linguist,europe,Nordic countries
9136,Q335614,Thormodus Torfæus,re_nordic_countries,Nordic countries,1636.0,historian,europe,Nordic countries
9277,Q5783620,Laurentius Jonæ Halenius,re_nordic_countries,Nordic countries,1654.0,theologian,europe,Nordic countries
9406,Q6079732,Werner von Rosenfeldt,re_nordic_countries,Nordic countries,1639.0,geographer,europe,Nordic countries
9569,Q11851351,Andreas Thuronius,re_nordic_countries,Nordic countries,1632.0,astronomer | philosopher,europe,Nordic countries
9587,Q1340404,Erik Benzelius the younger,re_nordic_countries,Nordic countries,1675.0,theologian,europe,Nordic countries
9669,Q6814127,Frands Mikkelsen Vogelius,re_nordic_countries,Nordic countries,1640.0,theologian | historian,europe,Nordic countries
9723,Q6064717,Hans Mikkelsen Ravn,re_nordic_countries,Nordic countries,1610.0,musicologist,europe,Nordic countries
9795,Q16650078,Laurentius Olai Gestricius,re_nordic_countries,Nordic countries,1530.0,theologian,europe,Nordic countries
9798,Q963437,Jesper Brochmand,re_nordic_countries,Nordic countries,1585.0,theologian,europe,Nordic countries
9808,Q348827,Thomas Kingo,re_nordic_countries,Nordic countries,1634.0,theologian,europe,Nordic countries
9890,Q5586602,Israel Bringius,re_nordic_countries,Nordic countries,1587.0,philosopher | political scientist,europe,Nordic countries
9898,Q6184229,Jørgen Jørgensen Sorterup,re_nordic_countries,Nordic countries,1662.0,historian,europe,Nordic countries
9938,Q20033227,Christiern Morsing,re_nordic_countries,Nordic countries,1485.0,mathematician,europe,Nordic countries
10020,Q925443,Niels Aagaard,re_nordic_countries,Nordic countries,1612.0,theologian | philosopher,europe,Nordic countries
10050,Q5577683,Isak Björklund,re_nordic_countries,Nordic countries,1686.0,theologian,europe,Nordic countries
10066,Q1278935,Eberhard David Hauber,re_nordic_countries,Nordic countries,1695.0,theologian,europe,Nordic countries
10116,Q522982,Guðbrandur Þorláksson,re_nordic_countries,Nordic countries,1542.0,mathematician,europe,Nordic countries
10251,Q2424918,Thomas Ihre,re_nordic_countries,Nordic countries,1659.0,theologian,europe,Nordic countries
10278,Q5971475,Mogens Madsen,re_nordic_countries,Nordic countries,1527.0,historian,europe,Nordic countries
10372,Q5557702,Johannes Olai Anthelius,re_nordic_countries,Nordic countries,1575.0,theologian | astronomer,europe,Nordic countries
10513,Q5802511,Johan Hermansson,re_nordic_countries,Nordic countries,1679.0,political scientist,europe,Nordic countries
10575,Q94786689,Thomas Lindemann,re_nordic_countries,Nordic countries,1609.0,theologian,europe,Nordic countries
10634,Q5487543,Henricus Martini Fattbur,re_nordic_countries,Nordic countries,1590.0,theologian,europe,Nordic countries
10754,Q12320272,Jon Jakobsen Venusinus,re_nordic_countries,Nordic countries,1563.0,theologian | historian,europe,Nordic countries
10801,Q6080027,Jørgen Rosenkrantz,re_nordic_countries,Nordic countries,1607.0,theologian,europe,Nordic countries
10808,Q6014442,Martin Nordeman,re_nordic_countries,Nordic countries,1636.0,mathematician,europe,Nordic countries
10986,Q370216,Haquin Spegel,re_nordic_countries,Nordic countries,1645.0,theologian,europe,Nordic countries
11051,Q12315560,Hans Steenbuch,re_nordic_countries,Nordic countries,1664.0,theologian,europe,Nordic countries
11056,Q56029,Sophia Brahe,re_nordic_countries,Nordic countries,1559.0,astronomer | historian,europe,Nordic countries
11126,Q12331120,Peder Benzon Mylius,re_nordic_countries,Nordic countries,1689.0,historian,europe,Nordic countries
11146,Q11885482,Olof Mört,re_nordic_countries,Nordic countries,1655.0,geographer,europe,Nordic countries
11166,Q6024308,Ericus Olai,re_nordic_countries,Nordic countries,1401.0,theologian | historian,europe,Nordic countries
11177,Q6069858,Andreas Olavi Rhyzelius,re_nordic_countries,Nordic countries,1677.0,historian,europe,Nordic countries
11190,Q1441548,Hector Gottfried Masius,re_nordic_countries,Nordic countries,1653.0,theologian,europe,Nordic countries
11287,Q954771,Olof Celsius,re_nordic_countries,Nordic countries,1670.0,philosopher | botanist | linguist | theologian | historian,europe,Nordic countries
11406,Q5564029,Olof Bagger,re_nordic_countries,Nordic countries,1607.0,theologian,europe,Nordic countries
11455,Q283943,Sæmundr fróði,re_nordic_countries,Nordic countries,1056.0,historian,europe,Nordic countries
11595,Q740096,Olof Rudbeck the Younger,re_nordic_countries,Nordic countries,1660.0,botanist | zoologist,europe,Nordic countries
11644,Q12306147,Christian Rudolph Müller,re_nordic_countries,Nordic countries,1651.0,theologian,europe,Nordic countries
11712,Q16064805,Niels Pedersen Aurilesius,re_nordic_countries,Nordic countries,1601.0,theologian,europe,Nordic countries
11748,Q16649739,Johan Lithen,re_nordic_countries,Nordic countries,1663.0,geographer,europe,Nordic countries
11806,Q6176494,Johannes Simonius,re_nordic_countries,Nordic countries,1566.0,philosopher,europe,Nordic countries
11810,Q86888,Johann Georg von Langen,re_nordic_countries,Nordic countries,1699.0,botanist,europe,Nordic countries
11835,Q3165710,Jacob Wilde,re_nordic_countries,Nordic countries,1679.0,historian,europe,Nordic countries
11951,Q237871,Catherine of Vadstena,re_nordic_countries,Nordic countries,1331.0,philosopher,europe,Nordic countries
12045,Q5576930,Georg Biurman,re_nordic_countries,Nordic countries,1700.0,geographer,europe,Nordic countries
12080,Q2293455,Olaus Swebilius,re_nordic_countries,Nordic countries,1624.0,theologian,europe,Nordic countries
12124,Q1445174,Gunnlaugr Leifsson,re_nordic_countries,Nordic countries,1150.0,historian,europe,Nordic countries
12212,Q5629850,Pehr Ekermann,re_nordic_countries,Nordic countries,1697.0,zoologist,europe,Nordic countries
12252,Q471933,Jón Árnason,re_nordic_countries,Nordic countries,1665.0,theologian,europe,Nordic countries
12257,Q3377679,Petrus Astronomus,re_nordic_countries,Nordic countries,1450.0,astronomer,europe,Nordic countries
12264,Q1266230,Johannes Gezelius the Elder,re_nordic_countries,Nordic countries,1615.0,theologian,europe,Nordic countries
12368,Q1695411,John Macalpine,re_nordic_countries,Nordic countries,1450.0,theologian,europe,Nordic countries
12418,Q112553,Jacob Fabricius,re_nordic_countries,Nordic countries,1576.0,astronomer,europe,Nordic countries
12454,Q516406,Magnus Bromelius,re_nordic_countries,Nordic countries,1679.0,paleontologist,europe,Nordic countries
12473,Q348003,Hans Adolph Brorson,re_nordic_countries,Nordic countries,1694.0,theologian,europe,Nordic countries
12506,Q16649893,Laurentius Molin,re_nordic_countries,Nordic countries,1657.0,theologian,europe,Nordic countries
12538,Q55091035,Nicolaus Wiraeus,re_nordic_countries,Nordic countries,1671.0,historian,europe,Nordic countries
12588,Q665031,Niels Hemmingsen,re_nordic_countries,Nordic countries,1513.0,theologian,europe,Nordic countries
12632,Q10487530,Eric Nilsson Agner,re_nordic_countries,Nordic countries,1642.0,mathematician,europe,Nordic countries
12673,Q12310395,Erik Nielsen Rosenkrantz,re_nordic_countries,Nordic countries,1447.0,theologian,europe,Nordic countries
12682,Q1779662,Christian Falster,re_nordic_countries,Nordic countries,1690.0,linguist,europe,Nordic countries
12775,Q6170736,Peter Schönström,re_nordic_countries,Nordic countries,1682.0,historian,europe,Nordic countries
12915,Q5940195,Olaus Laurelius,re_nordic_countries,Nordic countries,1585.0,theologian,europe,Nordic countries
13112,Q347726,Hans Tausen,re_nordic_countries,Nordic countries,1494.0,theologian | linguist,europe,Nordic countries
13179,Q6000244,Johan Månsson,re_nordic_countries,Nordic countries,1590.0,geographer,europe,Nordic countries
13247,Q94886129,Joachim von Krakewitz,re_nordic_countries,Nordic countries,1609.0,philosopher | historian,europe,Nordic countries
13266,Q216692,Ludvig Holberg,re_nordic_countries,Nordic countries,1684.0,philosopher | historian,europe,Nordic countries
13268,Q561050,Laurentius Petri,re_nordic_countries,Nordic countries,1499.0,theologian,europe,Nordic countries
13358,Q5594681,Martin Aschaneus,re_nordic_countries,Nordic countries,1575.0,archeologist,europe,Nordic countries
13381,Q5629624,Bengt Ekehielm,re_nordic_countries,Nordic countries,1612.0,geographer,europe,Nordic countries
13398,Q504352,Rasmus Bartholin,re_nordic_countries,Nordic countries,1625.0,physicist | chemist | mathematician | anatomist,europe,Nordic countries
13435,Q5781565,Johan Hadorph,re_nordic_countries,Nordic countries,1630.0,archeologist,europe,Nordic countries
13553,Q5792729,Nils Hasselbom,re_nordic_countries,Nordic countries,1690.0,mathematician,europe,Nordic countries
13568,Q3740174,Conrad Quensel,re_nordic_countries,Nordic countries,1676.0,astronomer | mathematician,europe,Nordic countries
13572,Q16403639,Sven Dimborg,re_nordic_countries,Nordic countries,1661.0,mathematician,europe,Nordic countries
13627,Q5598401,Gregorius Borastus,re_nordic_countries,Nordic countries,1585.0,historian,europe,Nordic countries
13675,Q5607546,Johannes Chesnecopherus,re_nordic_countries,Nordic countries,1581.0,botanist,europe,Nordic countries
13806,Q1347644,Laurentius Andreae,re_nordic_countries,Nordic countries,1470.0,theologian,europe,Nordic countries
13899,Q18330942,Kjettil Classon Felterus,re_nordic_countries,Nordic countries,1620.0,geographer,europe,Nordic countries
13903,Q5544857,Frans Mikael von Aken,re_nordic_countries,Nordic countries,1698.0,chemist,europe,Nordic countries
13970,Q980778,Samuel Klingenstierna,re_nordic_countries,Nordic countries,1698.0,physicist | mathematician,europe,Nordic countries
13992,Q1503121,Hans Iversen Wandal,re_nordic_countries,Nordic countries,1579.0,theologian,europe,Nordic countries
14028,Q983588,Gissur Einarsson,re_nordic_countries,Nordic countries,1512.0,theologian,europe,Nordic countries
14092,Q3311733,Anders Sørensen Vedel,re_nordic_countries,Nordic countries,1542.0,historian,europe,Nordic countries
14118,Q6190332,Johan Stiernhöök,re_nordic_countries,Nordic countries,1596.0,political scientist,europe,Nordic countries
14194,Q3655969,Anders Bure,re_nordic_countries,Nordic countries,1571.0,geographer,europe,Nordic countries
14273,Q17380746,Marcus Henrici Helsingius,re_nordic_countries,Nordic countries,1565.0,philosopher,europe,Nordic countries
14280,Q4084893,Vitus Bering,re_nordic_countries,Nordic countries,1617.0,historian,europe,Nordic countries
14403,Q12316371,Henrik Himmerich Grotum,re_nordic_countries,Nordic countries,1685.0,theologian,europe,Nordic countries
14460,Q376156,Adrianus Petit Coclico,re_nordic_countries,Nordic countries,1499.0,musicologist,europe,Nordic countries
14519,Q94850452,Martin Bosse,re_nordic_countries,Nordic countries,1695.0,theologian,europe,Nordic countries
14660,Q895609,Franz Julius Lütkens,re_nordic_countries,Nordic countries,1650.0,theologian,europe,Nordic countries
14696,Q5968944,Claus Christoffersen Lyschander,re_nordic_countries,Nordic countries,1558.0,historian,europe,Nordic countries
14720,Q109365,Henning Arnisaeus,re_nordic_countries,Nordic countries,1570.0,philosopher,europe,Nordic countries
14783,Q5590632,Joachim Burser,re_nordic_countries,Nordic countries,1583.0,botanist,europe,Nordic countries
14784,Q5587405,Reinerus Reineri Broocman,re_nordic_countries,Nordic countries,1677.0,theologian,europe,Nordic countries
14787,Q6215503,Johan von Mangelsen,re_nordic_countries,Nordic countries,1694.0,geographer,europe,Nordic countries
14791,Q381010,Olaus Petri,re_nordic_countries,Nordic countries,1493.0,theologian | historian,europe,Nordic countries
14792,Q6034269,Laurentius Palumbus,re_nordic_countries,Nordic countries,1615.0,theologian,europe,Nordic countries
14867,Q1345250,Petrus Kenicius,re_nordic_countries,Nordic countries,1555.0,theologian,europe,Nordic countries
14897,Q6017294,Andreas Petri Normolander,re_nordic_countries,Nordic countries,1599.0,theologian,europe,Nordic countries
15129,Q31276102,Olaus Moberg,re_nordic_countries,Nordic countries,1653.0,theologian,europe,Nordic countries
15143,Q5605489,Eric Cederbourg,re_nordic_countries,Nordic countries,1682.0,historian,europe,Nordic countries
15193,Q5716240,Henrik Florinus,re_nordic_countries,Nordic countries,1633.0,linguist,europe,Nordic countries
15519,Q5760781,Bothwid Gladhem,re_nordic_countries,Nordic countries,1650.0,theologian,europe,Nordic countries
15525,Q106837,Saxo Grammaticus,re_nordic_countries,Nordic countries,1150.0,historian,europe,Nordic countries
15553,Q97596,Johann Lauremberg,re_nordic_countries,Nordic countries,1590.0,mathematician,europe,Nordic countries
15577,Q3843379,Magnus Beronius,re_nordic_countries,Nordic countries,1692.0,theologian,europe,Nordic countries
15596,Q9191,René Descartes,re_nordic_countries,Nordic countries,1596.0,philosopher | physicist | musicologist | astronomer | mathematician,europe,Nordic countries
15620,Q2226120,Óláfr Þórðarson,re_nordic_countries,Nordic countries,1210.0,historian,europe,Nordic countries
15628,Q498733,Andreas Kempe,re_nordic_countries,Nordic countries,1622.0,philosopher,europe,Nordic countries
15815,Q3430484,Johan Risingh,re_nordic_countries,Nordic countries,1617.0,economist,europe,Nordic countries
15859,Q5931378,Erland Lagerlöf,re_nordic_countries,Nordic countries,1653.0,philosopher,europe,Nordic countries
16021,Q11885483,Olof Gangius,re_nordic_countries,Nordic countries,1628.0,geographer,europe,Nordic countries
16129,Q6211030,Petrus Tillaeus,re_nordic_countries,Nordic countries,1679.0,geographer,europe,Nordic countries
16225,Q3437446,Henrik Bornemann,re_nordic_countries,Nordic countries,1646.0,theologian,europe,Nordic countries
16265,Q12305873,Christian Christopher Reenberg,re_nordic_countries,Nordic countries,1687.0,theologian,europe,Nordic countries
16277,Q4405549,Henrik Harpestræng,re_nordic_countries,Nordic countries,1164.0,botanist,europe,Nordic countries
16424,Q6219336,Petrus Ullén,re_nordic_countries,Nordic countries,1700.0,theologian | philosopher,europe,Nordic countries
16834,Q219010,Christiern Pedersen,re_nordic_countries,Nordic countries,1480.0,theologian,europe,Nordic countries
16835,Q55071024,Erik Pontoppidan,re_nordic_countries,Nordic countries,1698.0,theologian | zoologist | economist,europe,Nordic countries
16852,Q55071968,Lars Roberg,re_nordic_countries,Nordic countries,1664.0,botanist | zoologist,europe,Nordic countries
16859,Q6321467,Jørgen Dybvad,re_nordic_countries,Nordic countries,1545.0,theologian | mathematician,europe,Nordic countries
16980,Q68180433,Johan Bergenstierna,re_nordic_countries,Nordic countries,1668.0,geologist,europe,Nordic countries
16985,Q2846475,Anders Spole,re_nordic_countries,Nordic countries,1630.0,astronomer | mathematician,europe,Nordic countries
17095,Q5547967,Eric Alstrin,re_nordic_countries,Nordic countries,1683.0,theologian | philosopher,europe,Nordic countries
17158,Q52154068,Villum Lange,re_nordic_countries,Nordic countries,1624.0,mathematician,europe,Nordic countries
17247,Q7710006,Peder Krog,re_nordic_countries,Nordic countries,1654.0,theologian,europe,Nordic countries
17272,Q3356596,Daniel Juslenius,re_nordic_countries,Nordic countries,1676.0,linguist,europe,Nordic countries
17448,Q5746904,Jørgen Fuiren,re_nordic_countries,Nordic countries,1581.0,botanist,europe,Nordic countries
17465,Q3481799,Holger Rosenkrantz,re_nordic_countries,Nordic countries,1574.0,theologian,europe,Nordic countries
17472,Q16509383,Otto Sperling,re_nordic_countries,Nordic countries,1602.0,botanist,europe,Nordic countries
17518,Q3428607,Andreas Hojer,re_nordic_countries,Nordic countries,1690.0,historian,europe,Nordic countries
17532,Q11865655,Jakob Flachsenius,re_nordic_countries,Nordic countries,1633.0,philosopher,europe,Nordic countries
17550,Q18236983,Aarhusius,re_nordic_countries,Nordic countries,1532.0,theologian,europe,Nordic countries
17571,Q611673,Peder Claussøn Friis,re_nordic_countries,Nordic countries,1545.0,historian,europe,Nordic countries
17754,Q160187,Ole Rømer,re_nordic_countries,Nordic countries,1644.0,astronomer | physicist | mathematician,europe,Nordic countries
17822,Q5589694,Gerhard von Buhrman,re_nordic_countries,Nordic countries,1653.0,geographer,europe,Nordic countries
17869,Q5710415,Petrus Elvius,re_nordic_countries,Nordic countries,1660.0,astronomer,europe,Nordic countries
17885,Q12315242,Hans Bartholin,re_nordic_countries,Nordic countries,1665.0,theologian,europe,Nordic countries
18028,Q6225748,Rasmus Vinding,re_nordic_countries,Nordic countries,1615.0,historian,europe,Nordic countries
18051,Q30106467,Thomas Holm,re_nordic_countries,Nordic countries,1670.0,geographer,europe,Nordic countries
18100,Q6000000,Erik Gabrielsson Emporagrius,re_nordic_countries,Nordic countries,1606.0,theologian,europe,Nordic countries
18119,Q246091,Urban Hjärne,re_nordic_countries,Nordic countries,1641.0,geologist | chemist,europe,Nordic countries
18201,Q3377677,Petrus Aurivillius,re_nordic_countries,Nordic countries,1637.0,theologian | philosopher,europe,Nordic countries
18359,Q5560131,Jakob Arrhenius,re_nordic_countries,Nordic countries,1642.0,theologian | historian,europe,Nordic countries
18466,Q6588365,Hans Stephensen,re_nordic_countries,Nordic countries,1561.0,historian,europe,Nordic countries
18470,Q17130821,Johann Gottfried Becker,re_nordic_countries,Nordic countries,1639.0,chemist,europe,Nordic countries
18550,Q12320130,Johannes Trellund,re_nordic_countries,Nordic countries,1669.0,theologian,europe,Nordic countries
18572,Q12315581,Hans Wandal,re_nordic_countries,Nordic countries,1656.0,theologian,europe,Nordic countries
18643,Q553474,Johannes Baazius the younger,re_nordic_countries,Nordic countries,1626.0,theologian,europe,Nordic countries
18744,Q12320750,Jorgen Dinesen Oxendorph,re_nordic_countries,Nordic countries,1641.0,mathematician,europe,Nordic countries
18923,Q1385985,Kilian Stobæus,re_nordic_countries,Nordic countries,1690.0,historian | zoologist,europe,Nordic countries
18927,Q729315,Christen Sørensen Longomontanus,re_nordic_countries,Nordic countries,1562.0,astronomer | mathematician,europe,Nordic countries
18952,Q809342,Barthold Botsack,re_nordic_countries,Nordic countries,1649.0,theologian,europe,Nordic countries
18994,Q1677576,Jacob Madsen Vejle,re_nordic_countries,Nordic countries,1538.0,theologian,europe,Nordic countries
19005,Q365301,Johan Stensson Rothman,re_nordic_countries,Nordic countries,1684.0,botanist,europe,Nordic countries
19106,Q11993753,Olaus Simonis Nauclerus,re_nordic_countries,Nordic countries,1626.0,geographer,europe,Nordic countries
19583,Q6203727,Lars Tammelin,re_nordic_countries,Nordic countries,1669.0,mathematician,europe,Nordic countries
19584,Q5623280,Jens Dolmer,re_nordic_countries,Nordic countries,1615.0,historian,europe,Nordic countries
19591,Q16649228,Johan Flachsenius,re_nordic_countries,Nordic countries,1636.0,theologian | astronomer | mathematician,europe,Nordic countries
19594,Q5986776,Niels Mikkelsen Aalborg,re_nordic_countries,Nordic countries,1562.0,zoologist,europe,Nordic countries
19652,Q639832,Lars Stigzelius,re_nordic_countries,Nordic countries,1598.0,theologian,europe,Nordic countries
19656,Q1989021,Niels Palladius,re_nordic_countries,Nordic countries,1510.0,theologian,europe,Nordic countries
19658,Q17385053,Johan Wassenius,re_nordic_countries,Nordic countries,1625.0,philosopher,europe,Nordic countries
19665,Q1257487,Gísli Oddsson,re_nordic_countries,Nordic countries,1593.0,theologian,europe,Nordic countries
19810,Q539443,Johan Palmstruch,re_nordic_countries,Nordic countries,1611.0,economist,europe,Nordic countries
19924,Q5940480,Laurentius Petri Aboicus,re_nordic_countries,Nordic countries,1605.0,historian,europe,Nordic countries
19974,Q19375984,Iver Hirtzholm,re_nordic_countries,Nordic countries,1635.0,historian,europe,Nordic countries
19977,Q11881250,Martin Miltopaeus,re_nordic_countries,Nordic countries,1631.0,philosopher,europe,Nordic countries
19978,Q110769323,Axel Gabriel Oxenstierna,re_nordic_countries,Nordic countries,1679.0,astronomer,europe,Nordic countries
19988,Q5979754,Johannes Matthiae Gothus,re_nordic_countries,Nordic countries,1592.0,theologian,europe,Nordic countries
20029,Q12320132,Johannes Valeur,re_nordic_countries,Nordic countries,1700.0,theologian,europe,Nordic countries
20082,Q52231886,Georg Hannäus,re_nordic_countries,Nordic countries,1647.0,philosopher,europe,Nordic countries
20093,Q3431614,Elias Brenner,re_nordic_countries,Nordic countries,1647.0,archeologist | historian,europe,Nordic countries
20170,Q1715059,Jón Vídalín,re_nordic_countries,Nordic countries,1666.0,theologian,europe,Nordic countries
20189,Q5792658,Henrik Hassel,re_nordic_countries,Nordic countries,1700.0,philosopher | zoologist,europe,Nordic countries
20256,Q5757435,Martinus Gestrinius,re_nordic_countries,Nordic countries,1594.0,mathematician,europe,Nordic countries
20300,Q6029917,Olof Osander,re_nordic_countries,Nordic countries,1700.0,theologian,europe,Nordic countries
20377,Q21165032,Otto Sperling,re_nordic_countries,Nordic countries,1634.0,historian,europe,Nordic countries
20380,Q111411584,Hans Larsson Rizanesander,re_nordic_countries,Nordic countries,1500.0,mathematician,europe,Nordic countries
20389,Q77520,Thomas Fincke,re_nordic_countries,Nordic countries,1561.0,physicist | mathematician,europe,Nordic countries
20486,Q96110,Georg Franck von Franckenau,re_nordic_countries,Nordic countries,1643.0,botanist,europe,Nordic countries
20528,Q1668691,Lucas Debes,re_nordic_countries,Nordic countries,1623.0,geographer,europe,Nordic countries
20566,Q103357,Friedrich Erhard Niedt,re_nordic_countries,Nordic countries,1674.0,musicologist,europe,Nordic countries
20633,Q12320696,Jón Halldórsson,re_nordic_countries,Nordic countries,1665.0,historian,europe,Nordic countries
20664,Q498971,Anders Krag,re_nordic_countries,Nordic countries,1553.0,philosopher | physicist | mathematician,europe,Nordic countries
20772,Q3164019,Jean-Baptiste Des Roches de Parthenay,re_nordic_countries,Nordic countries,1690.0,historian,europe,Nordic countries
20851,Q252301,Árni Magnússon,re_nordic_countries,Nordic countries,1663.0,historian,europe,Nordic countries
20852,Q1698324,Johannes Schefferus,re_nordic_countries,Nordic countries,1621.0,archeologist | historian,europe,Nordic countries
20871,Q55875988,Isak Grønbæk,re_nordic_countries,Nordic countries,1564.0,theologian,europe,Nordic countries
20984,Q383193,Oddur Einarsson,re_nordic_countries,Nordic countries,1559.0,theologian,europe,Nordic countries
21015,Q636983,Arnold Johan Messenius,re_nordic_countries,Nordic countries,1608.0,historian,europe,Nordic countries
21067,Q5389722,Erland Dryselius,re_nordic_countries,Nordic countries,1641.0,historian,europe,Nordic countries
21086,Q993166,Erik Benzelius the Elder,re_nordic_countries,Nordic countries,1632.0,theologian,europe,Nordic countries
21106,Q2081055,Petrus de Scotia,re_nordic_countries,Nordic countries,1450.0,theologian,europe,Nordic countries
21152,Q5754064,Petter Gedda,re_nordic_countries,Nordic countries,1661.0,geographer,europe,Nordic countries
21155,Q281763,Hans Egede,re_nordic_countries,Nordic countries,1686.0,linguist,europe,Nordic countries
21264,Q5590212,Laurentius Bureus,re_nordic_countries,Nordic countries,1623.0,historian,europe,Nordic countries
21276,Q6017636,Lars Norrman,re_nordic_countries,Nordic countries,1651.0,theologian,europe,Nordic countries
21355,Q782556,Nicolaus Olai Bothniensis,re_nordic_countries,Nordic countries,1550.0,theologian,europe,Nordic countries
21415,Q55217240,Henrik Fuiren,re_nordic_countries,Nordic countries,1614.0,zoologist,europe,Nordic countries
21493,Q5747286,Johan Funck,re_nordic_countries,Nordic countries,1630.0,geologist,europe,Nordic countries
21556,Q332450,Peder Horrebow,re_nordic_countries,Nordic countries,1679.0,astronomer | mathematician,europe,Nordic countries
21569,Q924522,Johann Daniel Major,re_nordic_countries,Nordic countries,1634.0,historian | anatomist,europe,Nordic countries
21762,Q5580109,Anders Boberg,re_nordic_countries,Nordic countries,1678.0,linguist,europe,Nordic countries
21897,Q6225724,Oluf Vind,re_nordic_countries,Nordic countries,1590.0,theologian,europe,Nordic countries
21910,Q634442,Ericus Schroderus,re_nordic_countries,Nordic countries,1609.0,linguist | historian,europe,Nordic countries
21911,Q6014555,Anders Nordencrantz,re_nordic_countries,Nordic countries,1697.0,economist,europe,Nordic countries
21923,Q430754,Peder Soerensen,re_nordic_countries,Nordic countries,1542.0,chemist,europe,Nordic countries
22106,Q14523631,Erik Bredal,re_nordic_countries,Nordic countries,1607.0,theologian,europe,Nordic countries
22119,Q1478005,Jeremias Papke,re_nordic_countries,Nordic countries,1672.0,theologian | mathematician,europe,Nordic countries
22219,Q445867,Olaus Verelius,re_nordic_countries,Nordic countries,1618.0,historian,europe,Nordic countries
22262,Q12318967,Jakob Madsen Aarhus,re_nordic_countries,Nordic countries,1538.0,theologian | linguist,europe,Nordic countries
22263,Q88263,Petrus Kirstenius,re_nordic_countries,Nordic countries,1578.0,linguist,europe,Nordic countries
22290,Q6033388,Johannes Palmberg,re_nordic_countries,Nordic countries,1640.0,botanist,europe,Nordic countries
22463,Q5111653,Christoffer Dybvad,re_nordic_countries,Nordic countries,1578.0,mathematician,europe,Nordic countries
22772,Q5391954,Herman Ross,re_nordic_countries,Nordic countries,1672.0,theologian,europe,Nordic countries
22872,Q349822,Sigfridus Aronus Forsius,re_nordic_countries,Nordic countries,1569.0,astronomer,europe,Nordic countries
22903,Q4237397,Niels Krag,re_nordic_countries,Nordic countries,1568.0,historian,europe,Nordic countries
22989,Q6231116,Georg Wallin,re_nordic_countries,Nordic countries,1686.0,historian,europe,Nordic countries
23077,Q547901,Johannes Meursius,re_nordic_countries,Nordic countries,1579.0,historian,europe,Nordic countries
23102,Q12305788,Christen Erichsøn,re_nordic_countries,Nordic countries,1639.0,historian,europe,Nordic countries
23109,Q434533,Erik Dahlbergh,re_nordic_countries,Nordic countries,1625.0,geographer | historian,europe,Nordic countries
23132,Q633094,Johannes Bureus,re_nordic_countries,Nordic countries,1568.0,archeologist | linguist | historian,europe,Nordic countries
23191,Q3363314,Jørgen Sadolin,re_nordic_countries,Nordic countries,1499.0,theologian,europe,Nordic countries
23203,Q6062896,Christian Ramus,re_nordic_countries,Nordic countries,1687.0,theologian,europe,Nordic countries
23235,Q94942246,Hans Wandal,re_nordic_countries,Nordic countries,1694.0,theologian,europe,Nordic countries
23247,Q1499757,Gellio Sasceride,re_nordic_countries,Nordic countries,1562.0,astronomer,europe,Nordic countries
23308,Q5571604,Johan Bergenhielm,re_nordic_countries,Nordic countries,1629.0,historian,europe,Nordic countries
23374,Q4060509,Georg Alanus,re_nordic_countries,Nordic countries,1609.0,botanist | physicist,europe,Nordic countries
23425,Q6069675,Johannes Haquini Rhezelius,re_nordic_countries,Nordic countries,1601.0,archeologist,europe,Nordic countries
23455,Q27652636,Laurentius Arrhenius,re_nordic_countries,Nordic countries,1680.0,historian,europe,Nordic countries
23469,Q5571042,Georg Berelius,re_nordic_countries,Nordic countries,1641.0,zoologist,europe,Nordic countries
23502,Q514315,Georg Stiernhielm,re_nordic_countries,Nordic countries,1598.0,archeologist | philosopher | historian | mathematician,europe,Nordic countries
23583,Q5783020,Petter Hahn,re_nordic_countries,Nordic countries,1650.0,anatomist,europe,Nordic countries
23751,Q5566575,Albert Bartholin,re_nordic_countries,Nordic countries,1620.0,theologian,europe,Nordic countries
23767,Q6034276,Nicolaus Palumbus,re_nordic_countries,Nordic countries,1568.0,theologian,europe,Nordic countries
23785,Q355194,Ari Þorgilsson,re_nordic_countries,Nordic countries,1067.0,historian,europe,Nordic countries
23860,Q4453681,Erik Jöransson Tegel,re_nordic_countries,Nordic countries,1563.0,historian,europe,Nordic countries
23887,Q21200763,Niels Poulsen Schandorph,re_nordic_countries,Nordic countries,1596.0,theologian,europe,Nordic countries
23888,Q1617305,Oliger Jacobaeus,re_nordic_countries,Nordic countries,1650.0,zoologist | anatomist,europe,Nordic countries
23907,Q737301,Jöran Nordberg,re_nordic_countries,Nordic countries,1677.0,historian,europe,Nordic countries
23920,Q632219,Jonas Alströmer,re_nordic_countries,Nordic countries,1685.0,botanist,europe,Nordic countries
23948,Q56713397,Marcus Zadelerus,re_nordic_countries,Nordic countries,1610.0,linguist,europe,Nordic countries
23963,Q108015,Christlieb von Clausberg,re_nordic_countries,Nordic countries,1689.0,mathematician,europe,Nordic countries
24280,Q6085275,Andreas Rydelius,re_nordic_countries,Nordic countries,1671.0,theologian,europe,Nordic countries
24367,Q6034045,Johan Palmroot,re_nordic_countries,Nordic countries,1659.0,theologian,europe,Nordic countries
24390,Q1579898,Hans Gram,re_nordic_countries,Nordic countries,1685.0,historian,europe,Nordic countries
24419,Q67494,Simon Paulli,re_nordic_countries,Nordic countries,1603.0,botanist | anatomist,europe,Nordic countries
24492,Q1715063,Jón Þórðarson,re_nordic_countries,Nordic countries,1400.0,historian,europe,Nordic countries
24494,Q3165694,Gabriel Skragge,re_nordic_countries,Nordic countries,1660.0,theologian,europe,Nordic countries
24543,Q5590143,Jonas Bure,re_nordic_countries,Nordic countries,1575.0,geographer,europe,Nordic countries
24559,Q1341544,Johannes Baazius,re_nordic_countries,Nordic countries,1581.0,theologian,europe,Nordic countries
24644,Q377037,Johan Gabriel Sparwenfeld,re_nordic_countries,Nordic countries,1655.0,linguist,europe,Nordic countries
24686,Q27493929,Petrus Olai,re_nordic_countries,Nordic countries,1490.0,historian,europe,Nordic countries
24746,Q1783353,Hans Bagger,re_nordic_countries,Nordic countries,1646.0,theologian,europe,Nordic countries
24747,Q717894,Olof Bromelius,re_nordic_countries,Nordic countries,1639.0,botanist,europe,Nordic countries
24760,Q426776,Peder Hansen Resen,re_nordic_countries,Nordic countries,1625.0,theologian | historian,europe,Nordic countries
24778,Q94943604,Martin Friese,re_nordic_countries,Nordic countries,1688.0,theologian,europe,Nordic countries
24921,Q19768327,Marcus Wøldike,re_nordic_countries,Nordic countries,1699.0,theologian,europe,Nordic countries
25019,Q4940537,Anne Margrethe Bredal,re_nordic_countries,Nordic countries,1655.0,historian,europe,Nordic countries
25024,Q12306335,Christopher Bartholin,re_nordic_countries,Nordic countries,1657.0,mathematician,europe,Nordic countries
25141,Q11959143,Arnold de Fine,re_nordic_countries,Nordic countries,1614.0,historian,europe,Nordic countries
25154,Q12314160,Gottfried Hoffmann,re_nordic_countries,Nordic countries,1630.0,geographer,europe,Nordic countries
25173,Q3165700,Petrus Schomerus,re_nordic_countries,Nordic countries,1607.0,theologian,europe,Nordic countries
25184,Q3289849,Hans Svaning,re_nordic_countries,Nordic countries,1503.0,historian,europe,Nordic countries
25196,Q1607896,Johan Arckenholtz,re_nordic_countries,Nordic countries,1695.0,historian,europe,Nordic countries
25252,Q463570,Ole Worm,re_nordic_countries,Nordic countries,1588.0,zoologist | physicist | archeologist | historian,europe,Nordic countries
25270,Q12334464,Samuel Christoph Gedde,re_nordic_countries,Nordic countries,1691.0,geographer,europe,Nordic countries
25279,Q5582968,Magnus Boræn,re_nordic_countries,Nordic countries,1697.0,theologian,europe,Nordic countries
25338,Q16650251,Johann George Rüdling,re_nordic_countries,Nordic countries,1650.0,geographer,europe,Nordic countries
25375,Q18913091,Iisak Laurbecchius,re_nordic_countries,Nordic countries,1678.0,theologian,europe,Nordic countries
25381,Q2066187,Peder Aagesen,re_nordic_countries,Nordic countries,1546.0,theologian,europe,Nordic countries
25558,Q102323,Snorri Sturluson,re_nordic_countries,Nordic countries,1179.0,historian,europe,Nordic countries
25641,Q17297409,Andreas Bussæus,re_nordic_countries,Nordic countries,1679.0,historian,europe,Nordic countries
25664,Q12331687,Peter Payngk,re_nordic_countries,Nordic countries,1575.0,chemist,europe,Nordic countries
25668,Q5622748,Daniel Djurberg,re_nordic_countries,Nordic countries,1659.0,theologian,europe,Nordic countries
25677,Q5807749,Olof Hiorter,re_nordic_countries,Nordic countries,1696.0,astronomer,europe,Nordic countries
25687,Q20652825,Martin Hegardt,re_nordic_countries,Nordic countries,1685.0,theologian,europe,Nordic countries
25738,Q1610317,Hermann Nicolaus Grimm,re_nordic_countries,Nordic countries,1641.0,botanist,europe,Nordic countries
25743,Q11857929,Enevaldus Svenonius,re_nordic_countries,Nordic countries,1617.0,theologian,europe,Nordic countries
25776,Q817220,Bengt Gottfried Forselius,re_nordic_countries,Nordic countries,1660.0,linguist,europe,Nordic countries
25797,Q12308535,Detlev Gotthard Zwergius,re_nordic_countries,Nordic countries,1699.0,historian,europe,Nordic countries
25851,Q1523366,Pehr Fjellström,re_nordic_countries,Nordic countries,1697.0,linguist,europe,Nordic countries
25858,Q6157206,Christian Nold,re_nordic_countries,Nordic countries,1626.0,theologian,europe,Nordic countries
25859,Q5978482,Martin O. Nycopensis,re_nordic_countries,Nordic countries,1596.0,astronomer | mathematician,europe,Nordic countries
25880,Q12343103,Thomas Christensen Clitau,re_nordic_countries,Nordic countries,1694.0,historian,europe,Nordic countries
26120,Q538589,Hans Wandal,re_nordic_countries,Nordic countries,1624.0,theologian,europe,Nordic countries
26236,Q6206238,Lars Terpager,re_nordic_countries,Nordic countries,1684.0,historian,europe,Nordic countries
26263,Q3432376,Christen Worm,re_nordic_countries,Nordic countries,1672.0,theologian,europe,Nordic countries
26527,Q3739678,Anders Anton von Stiernman,re_nordic_countries,Nordic countries,1695.0,historian,europe,Nordic countries
26559,Q8270534,Søren Lintrup,re_nordic_countries,Nordic countries,1669.0,theologian,europe,Nordic countries
26602,Q1733730,Petrus de Dacia,re_nordic_countries,Nordic countries,1300.0,astronomer | mathematician,europe,Nordic countries
26626,Q127641,Vitus Bering,re_nordic_countries,Nordic countries,1681.0,geographer,europe,Nordic countries
26636,Q5588409,Martin Brunner,re_nordic_countries,Nordic countries,1627.0,theologian,europe,Nordic countries
26643,Q6246813,Willum Worm,re_nordic_countries,Nordic countries,1633.0,historian,europe,Nordic countries
26734,Q76462959,Lars Elingius,re_nordic_countries,Nordic countries,1640.0,philosopher,europe,Nordic countries
26840,Q1389332,Michael Gyldenstolpe,re_nordic_countries,Nordic countries,1609.0,historian | political scientist,europe,Nordic countries
26886,Q17382719,Israel Nesselius,re_nordic_countries,Nordic countries,1667.0,linguist,europe,Nordic countries
26933,Q3358459,Styrmir Kárason,re_nordic_countries,Nordic countries,1170.0,historian,europe,Nordic countries
27040,Q5403135,Simon Kexlerus,re_nordic_countries,Nordic countries,1602.0,astronomer | mathematician,europe,Nordic countries
27071,Q6158199,Erik Odelstierna,re_nordic_countries,Nordic countries,1661.0,chemist,europe,Nordic countries
27089,Q11978404,Jens Christian Spidberg,re_nordic_countries,Nordic countries,1684.0,geologist | astronomer | historian | meteorologist,europe,Nordic countries
27105,Q4570593,Laurids Mortensen Scavenius,re_nordic_countries,Nordic countries,1589.0,theologian,europe,Nordic countries
27111,Q31065346,Petrus Fabricius,re_nordic_countries,Nordic countries,1587.0,astronomer,europe,Nordic countries
27139,Q6177257,Swen Sithelius,re_nordic_countries,Nordic countries,1671.0,theologian,europe,Nordic countries
27156,Q455518,Sven Aggesen,re_nordic_countries,Nordic countries,1140.0,historian,europe,Nordic countries
27161,Q4753776,Anders Foss,re_nordic_countries,Nordic countries,1543.0,historian,europe,Nordic countries
27267,Q5962036,Johannes Loccenius,re_nordic_countries,Nordic countries,1598.0,historian,europe,Nordic countries
27286,Q16065227,Søren Pedersen Kalundborg,re_nordic_countries,Nordic countries,1607.0,philosopher,europe,Nordic countries
27301,Q2782521,Johan Haartman,re_nordic_countries,Nordic countries,1682.0,philosopher,europe,Nordic countries
27348,Q6191027,Martin Stodius,re_nordic_countries,Nordic countries,1590.0,theologian | philosopher,europe,Nordic countries
27350,Q5779658,Jöran Gylta,re_nordic_countries,Nordic countries,1550.0,historian,europe,Nordic countries
27454,Q5397527,Algoth Scarin,re_nordic_countries,Nordic countries,1684.0,historian,europe,Nordic countries
27462,Q55902251,Erik Olufsen Torm,re_nordic_countries,Nordic countries,1607.0,mathematician,europe,Nordic countries
27557,Q283471,Arild Huitfeldt,re_nordic_countries,Nordic countries,1546.0,historian,europe,Nordic countries
27661,Q3525646,Thomas Walgenstein,re_nordic_countries,Nordic countries,1627.0,physicist,europe,Nordic countries
27696,Q6197445,Hans Jensen Svaning,re_nordic_countries,Nordic countries,1600.0,historian,europe,Nordic countries
27710,Q5783613,Engelbert Halenius,re_nordic_countries,Nordic countries,1700.0,theologian,europe,Nordic countries
27714,Q440702,Stephen Hansen Stephanius,re_nordic_countries,Nordic countries,1599.0,historian,europe,Nordic countries
27747,Q1902961,Marteinn Einarsson,re_nordic_countries,Nordic countries,1500.0,theologian,europe,Nordic countries
27788,Q6170392,Petrus Schyllberg,re_nordic_countries,Nordic countries,1669.0,theologian,europe,Nordic countries
27796,Q4110577,Johan Widekindi,re_nordic_countries,Nordic countries,1619.0,historian,europe,Nordic countries
27851,Q3577158,Ægidius Ziervgel,re_nordic_countries,Nordic countries,1697.0,botanist,europe,Nordic countries
27980,Q541514,Johannes Gezelius the younger,re_nordic_countries,Nordic countries,1647.0,theologian,europe,Nordic countries
28079,Q55847001,Azarius Sturtz,re_nordic_countries,Nordic countries,1581.0,historian,europe,Nordic countries
28120,Q11851332,Anders Wanochius,re_nordic_countries,Nordic countries,1651.0,zoologist,europe,Nordic countries
28132,Q1674617,Israel Kolmodin,re_nordic_countries,Nordic countries,1643.0,theologian,europe,Nordic countries
28202,Q335933,Þórður Þorláksson,re_nordic_countries,Nordic countries,1637.0,theologian,europe,Nordic countries
28214,Q5772264,Emund Gripenhielm,re_nordic_countries,Nordic countries,1622.0,historian,europe,Nordic countries
28228,Q11854058,Benedictus Granroth,re_nordic_countries,Nordic countries,1650.0,zoologist,europe,Nordic countries
28247,Q5173204,Cort Aslakssøn,re_nordic_countries,Nordic countries,1564.0,astronomer | philosopher,europe,Nordic countries
28285,Q1948686,Morten Pedersen,re_nordic_countries,Nordic countries,1537.0,theologian | astronomer | historian,europe,Nordic countries
28311,Q3373950,Peder Jakobsen Flemløse,re_nordic_countries,Nordic countries,1554.0,astronomer,europe,Nordic countries
28476,Q1782313,Poul Helgesen,re_nordic_countries,Nordic countries,1485.0,theologian | historian,europe,Nordic countries
28482,Q76639,Philip Johan von Strahlenberg,re_nordic_countries,Nordic countries,1677.0,geographer,europe,Nordic countries
28532,Q713191,Peder Palladius,re_nordic_countries,Nordic countries,1503.0,theologian,europe,Nordic countries
28632,Q3481543,Johan Peringskiöld,re_nordic_countries,Nordic countries,1654.0,archeologist,europe,Nordic countries
28663,Q11978455,Jens Sørensen,re_nordic_countries,Nordic countries,1646.0,geographer,europe,Nordic countries
28675,Q1340357,Jacob Benzelius,re_nordic_countries,Nordic countries,1683.0,theologian,europe,Nordic countries
28696,Q12319781,Joachim Wielandt,re_nordic_countries,Nordic countries,1690.0,historian,europe,Nordic countries
28763,Q331747,Absalon Pederssøn Beyer,re_nordic_countries,Nordic countries,1528.0,theologian | historian,europe,Nordic countries
28819,Q246312,Samuel Columbus,re_nordic_countries,Nordic countries,1642.0,linguist,europe,Nordic countries
28825,Q5494013,Axel Kempe,re_nordic_countries,Nordic countries,1623.0,historian,europe,Nordic countries
28915,Q5605919,Magnus Celsius,re_nordic_countries,Nordic countries,1621.0,botanist | astronomer | archeologist | mathematician,europe,Nordic countries
28936,Q26239670,Georg Günther Kräill,re_nordic_countries,Nordic countries,1584.0,geographer,europe,Nordic countries
28977,Q17380491,Matthias Hallenius,re_nordic_countries,Nordic countries,1699.0,linguist,europe,Nordic countries
29077,Q2525149,Ole Borch,re_nordic_countries,Nordic countries,1626.0,philosopher | botanist | zoologist | chemist,europe,Nordic countries
29184,Q1697927,Johannes Lassenius,re_nordic_countries,Nordic countries,1636.0,theologian,europe,Nordic countries
29244,Q5576510,Jens Bircherod,re_nordic_countries,Nordic countries,1658.0,theologian,europe,Nordic countries
29341,Q465375,Hans Thomissøn,re_nordic_countries,Nordic countries,1532.0,theologian,europe,Nordic countries
29406,Q5607549,Nils Chesnecopherus,re_nordic_countries,Nordic countries,1574.0,mathematician,europe,Nordic countries
29427,Q5772257,Carl Gripenhielm,re_nordic_countries,Nordic countries,1655.0,geographer,europe,Nordic countries
29457,Q1098291,Claudius Clavus,re_nordic_countries,Nordic countries,1388.0,geographer,europe,Nordic countries
29675,Q5605924,Nils Celsius,re_nordic_countries,Nordic countries,1658.0,astronomer,europe,Nordic countries
29729,Q557382,Elias Tillandz,re_nordic_countries,Nordic countries,1640.0,botanist,europe,Nordic countries
29758,Q5712222,Johannes Engeström,re_nordic_countries,Nordic countries,1699.0,linguist,europe,Nordic countries
29803,Q16408126,Georg Preuss,re_nordic_countries,Nordic countries,1619.0,theologian | mathematician,europe,Nordic countries
